"pay a visit to","〜を訪ねる",,,,,,,
"fall in with","〜と一致する、
〜と偶然出会う、
〜に同意する",,,,,,,
"compete with","〜と競争する、張り合う",,,,,,,
"make do with","〜で間に合わせる、すます",,,,,,,
"keep off","離れている、〜に近づかない",,,,,,,
"point to","〜を指し示す、教える",,,,,,,
"adhere to","〜にくっつく、〜に固執する",,,,,,,
"stand to reason","当然である",,,,,,,
"admit of","〜の余地がある",,,,,,,
"reach for","〜を取ろうと手を伸ばす",,,,,,,
"wish for","〜を望む",,,,,,,
"arrange for","〜を手配する",,,,,,,
"glance at","〜をチラッと見る",,,,,,,
"hold on to","〜を離さない、
〜にしがみつく",,,,,,,
"come to terms with","〜との折り合いをつける、
〜を諦めて受け入れる、
〜と合意に達する",,,,,,,
"feel for","〜を手探りで探す、
〜に同情する",,,,,,,
"fall on","〜にあたる、〜を襲う",,,,,,,
"come to a halt,/an end,/a stop,/a standstill","止まる",,,,,,,
"come to the conclusion that","〜という結論に達する",,,,,,,
"go to extremes","極端に走る",,,,,,,
"lay by","〜をわきへやる、
（お金など）を取っておく",,,,,,,
"draw on","〜を引きつける、
〜を頼る、近づく",,,,,,,
"run down","〜をけなす、止まる",,,,,,,
"lay down","（命）を捨てる",,,,,,,
"pull down","〜を引き下ろす、
〜を取り壊す、
（金）を稼ぐ",,,,,,,
"bring down","倒す、〜を降ろす",,,,,,,
"fix up","〜を取り決める、〜を用意する、
〜をまとめる、〜を修理する",,,,,,,
"throw up","〜を放棄する、やめる",,,,,,,
"tie up","〜と一致する、提携する、
〜を包装する",,,,,,,
"use up","〜を使い尽くす",,,,,,,
"conjure up","〜を呼び起こす、作り出す",,,,,,,
"cheer up","〜を元気づける",,,,,,,
"pull out","〜を抜く",,,,,,,
"sell out","売り切れる",,,,,,,
"single out","〜を選び出す",,,,,,,
"clear away","〜を片づける、一掃する",,,,,,,
"give away","〜をただでやる、明らかにする、
屈する",,,,,,,
"take apart","〜を分解する",,,,,,,
"give back","〜を返す",,,,,,,
"take back","〜を取り消す、〜を返す",,,,,,,
"set forth","〜を述べる、出発する〈文語〉",,,,,,,
"put forth","（芽や葉）を出す、
（案など）を出す",,,,,,,
"put forward","〜を提出する",,,,,,,
"cut out","〜を切り開く",,,,,,,
"come through","切り抜ける",,,,,,,
"fill in","（空所）を埋める、
代理をする",,,,,,,
"hand in","〜を提出する",,,,,,,
"catch on","人気を博する、
(to~)〜を理解する",,,,,,,
"burn down","全焼する、燃え尽きる",,,,,,,
"drop out","脱落する、手を引く",,,,,,,
