"をかし","すばらしい・滑稽だ",,,,,,,
"よろし","悪くはない・普通",,,,,,,
"ありがたし","めったにない・(めったにないほど)すばらしい",,,,,,,
"つきづきし","似つかわしい",,,,,,,
"なまめかし","上品だ・若々しい",,,,,,,
"めでたし","すばらしい",,,,,,,
"うるはし","きちんとしている・美しい",,,,,,,
"やむごとなし","高貴だ・並々でない",,,,,,,
"おとなし","大人びている・思慮分別がある",,,,,,,
"ゆかし","見たい、聞きたい、知りたい・心ひかれる",,,,,,,
"なつかし","親しみ深い",,,,,,,
"はづかし(恥づかし)","立派だ",,,,,,,
"こころにくし","奥ゆかしい",,,,,,,
"うつくし(美し)","かわいい",,,,,,,
"かなし","いとしい",,,,,,,
"らうたし","かわいい",,,,,,,
"めやすし","(見た目の)感じがよい",,,,,,,
"A 怪し
B 賤し","A 不思議だ
B 身分が低い・粗末だ",,,,,,,
"くちをし","残念だ",,,,,,,
"あたらし","惜しい",,,,,,,
"むつかし","うっとうしい・気味が悪い",,,,,,,
"つれなし","平然としている・冷淡だ",,,,,,,
"なめし","無礼だ",,,,,,,
"おどろおどろし","大げさだ・気味が悪い",,,,,,,
"憂し","つらい・いやだ",,,,,,,
"びんなし(便なし)","不都合だ・気の毒だ",,,,,,,
"いとほし","気の毒だ",,,,,,,
"いはけなし","子どもっぽい",,,,,,,
"さうざうし","もの足りない",,,,,,,
"すさまじ","興ざめだ・殺風景だ",,,,,,,
"つらし","薄情だ",,,,,,,
"ところせし(所狭し)","窮屈だ",,,,,,,
"うしろめたし","気がかりだ",,,,,,,
"わりなし","ひどい・どうしようもない・苦しい",,,,,,,
"本意なし","残念だ",,,,,,,
"あさまし","驚くほどだ・あきれるほどだ・情けない",,,,,,,
"めざまし","気にくわない・すばらしい",,,,,,,
"いみじ","すばらしい・ひどい",,,,,,,
"ゆゆし","不吉だ・すばらしい・はなはだしく",,,,,,,
"やさし","優美だ・上品だ・殊勝だ",,,,,,,
"しるし(著し)","はっきりと分かる・〜のとおりに",,,,,,,
"とし(疾し)","早い",,,,,,,
"ゆくりなし","突然だ",,,,,,,
"おぼつかなし","はっきりしない・気がかりだ・待ち遠しい",,,,,,,
"心もとなし","かすかだ・不安だ・じれったい",,,,,,,
