"すなはチ","ー ならば ー (仮定)",,,,,,,
"すなはチ","ー は ー (強調・提示)",,,,,,,
"すなはチ","すぐに(即時)",,,,,,,
"すなはチ","① ここで(経過)
② やっと(意外)",,,,,,,
"すなはチ","たやすく(容易)",,,,,,,
"すなはチ","そのたびに(毎回)",,,,,,,
"ここヲもっテ","こういうわけで",,,,,,,
"これヲもっテ","これを用いて",,,,,,,
"ここニおいテ","そこで",,,,,,,
"しかレバ","そうであるからには",,,,,,,
"しかラバすなはチ","そうだとすれば",,,,,,,
"しかレドモ","そうではあるが",,,,,,,
"しからずンバ","そうでなければ",,,,,,,
"しからずンバ","そうでなければ",,,,,,,
"しかラザレバすなはチ","そうでなければ",,,,,,,
"なんトナレバすなはチ","なぜならば",,,,,,,
"つひニ","最後に・結局",,,,,,,
"つひニ","とうとう",,,,,,,
"こたフ","答える",,,,,,,
"こたフ","① (目上に)お答えする
② 答える",,,,,,,
"まタ","その上また(添加)",,,,,,,
"まタ","これもまた(同類)",,,,,,,
"まタ","再びまた(反復)",,,,,,,
