"な(～そ)","～するな",,,,,,,
"なかなか(なり)","(副詞)かえって",,,,,,,
"ながむ","(眺む)物思いに沈んでぼんやり見る
(詠む)詩歌を節をつけて口ずさむ",,,,,,,
"ながめ","もの思い",,,,,,,
"なごり","別れ、余韻",,,,,,,
"なさけ","思いやり、風情、男女の情愛",,,,,,,
"なつかし","心ひかれる、親しみやすい",,,,,,,
"なづさふ","慣れ親しむ",,,,,,,
"なづむ","悩み苦しむ",,,,,,,
"なでふ","どうして、何という",,,,,,,
"など(か･て･や)","(疑問)どうして～か
(反語)どうして～か、いや～ない",,,,,,,
"なにおふ","～で有名である",,,,,,,
"なのめ(なり)","平凡だ、(なのめならずで)格別だ",,,,,,,
"なべて","普通、すべて、
(なべてならずで)並一通りではない",,,,,,,
"なほ","やはり、さらに、それでもやはり",,,,,,,
"なほざり(なり)","いいかげんだ",,,,,,,
"なまめかし","優美だ、優雅である",,,,,,,
"なまめく","優美だ、みずみずしい",,,,,,,
"なむ","～してほしい",,,,,,,
"なめし","失礼だ",,,,,,,
"なめり","～であるらしい",,,,,,,
"なやまし","気分が悪い",,,,,,,
"なやむ","病気になる、非難する",,,,,,,
"なゆ","萎える",,,,,,,
"ならふ","慣れる、親しむ",,,,,,,
"にくさげ(なり)","醜い",,,,,,,
"にくし","いやだ、見苦しい",,,,,,,
"にげなし","ふさわしくない",,,,,,,
"になし","またとない",,,,,,,
"にほふ","つややかに美しい",,,,,,,
"ねたし","憎らしい",,,,,,,
"ねぶ","大人びる、年をとる",,,,,,,
"ねをなく","声をあげてなく",,,,,,,
"ねんごろ(なり)","ていねいなさま、親切なさま",,,,,,,
"ねんず","心の中で祈る、我慢する",,,,,,,
"のたまはす","おっしゃる",,,,,,,
"のたまふ","おっしゃる",,,,,,,
"ののしる","大声で言い騒ぐ、盛んに評判が立つ",,,,,,,
"のぼる","上京する",,,,,,,
"はかなくなる","死ぬ",,,,,,,
"はかなし","ちょっとしたことである、むなしい
、取るに足らない",,,,,,,
"はかばかし","しっかりしている、際立っている",,,,,,,
"はしたなし","中途半端だ、みっともない",,,,,,,
"はた","また、そうはいうものの",,,,,,,
"はつ","死ぬ、終わる",,,,,,,
"はつか(なり)","ちょっと、ほのかだ",,,,,,,
"はづかし","立派だ、気づまりだ",,,,,,,
"はな","(平安時代)桜、(奈良時代)梅",,,,,,,
"はばかる","遠慮する",,,,,,,
"ばや","(願望)～たい",,,,,,,
"はやく(う)～けり","なんとまあ",,,,,,,
"はらから","兄弟",,,,,,,
"ひがごと","間違い",,,,,,,
"ひがひがし","ひねくれている、情趣を解さない、
見苦しい",,,,,,,
"ひたぶる(なり)","ただ一筋に、
(打ち消しを伴って )まったく(～ない)",,,,,,,
"ひつ","濡れる",,,,,,,
"ひとかたならず","並々ではない",,,,,,,
"ひとりごつ","独り言を言う",,,,,,,
"ひとわろし","みっともない",,,,,,,
"ひなぶ","田舎めく",,,,,,,
"ひねもす","一日中",,,,,,,
"ひる","乾く",,,,,,,
"びんなし","不都合だ、気の毒だ",,,,,,,
"ふうが","俳諧",,,,,,,
"ふすま","ふとん",,,,,,,
"ふびん(なり)","気の毒だ、不都合だ",,,,,,,
"ふみ","手紙、本、漢学",,,,,,,
"ふりはへ","わざわざ",,,,,,,
"ふる","年をとる",,,,,,,
"ふるさと","旧都、なじみの土地、生まれ故郷",,,,,,,
"ほい","出家、本来の目的",,,,,,,
"ほいなし","もの足らない、不本意だ
",,,,,,,
"ほだし","足手まとい",,,,,,,
"ほっしん","出家",,,,,,,
"まうく","準備する、儲ける",,,,,,,
"まうけ","準備、ごちそう、食事",,,,,,,
"まうづ","参る",,,,,,,
"まうでく","参ります(丁寧語)、参上する(謙譲語)",,,,,,,
"まかづ","退出する",,,,,,,
"まがふ","入り乱れる、見分けがつかない",,,,,,,
"まがまがし","不吉だ",,,,,,,
"まかる","退出する、行きます、参上する",,,,,,,
"まこと","真実、誠実",,,,,,,
"まさなし","よくない",,,,,,,
"まだき","早くも",,,,,,,
"またし","完全だ",,,,,,,
"まだし","しっかりしていない、まだ早い",,,,,,,
"またなし","またとない",,,,,,,
"まどふ","迷う、ひどく(～する)、あわてる",,,,,,,
"まどゐ","集まり",,,,,,,
"まねぶ","まねる、伝える、勉強する",,,,,,,
"まほ(なり)","完璧だ、直接だ",,,,,,,
"まめ(なり)","まじめだ、実用的だ",,,,,,,
"まもる","見つめる",,,,,,,
"まゐらす","～し申し上げる、差し上げる",,,,,,,
"まゐる","差し上げる、参上する",,,,,,,
"みそか(なり)","こっそり",,,,,,,
"みちみちし","学問的だ",,,,,,,
"みまかる","死ぬ",,,,,,,
"みやび","都会風",,,,,,,
"みゆ","結婚する、見える",,,,,,,
"みゆき","天皇のお出かけ",,,,,,,
"みる","世話する、結婚する、みる",,,,,,,
"むくつけし","不気味だ、無骨だ",,,,,,,
"むげ(なり)","この上なくひどい、
ひどく身分の低いこと",,,,,,,
"むず","(推量)～だろう、(意思)～しよう",,,,,,,
"むすぶ","手ですくう、約束する",,,,,,,
"むずらむ","～だろう",,,,,,,
"むつかし","いやだ、わずらわしい、気味が悪い",,,,,,,
"むつかる","不機嫌だ、不平を言う",,,,,,,
"むつぶ","親しくする",,,,,,,
"むつまじ","親しい",,,,,,,
"むなしくなる","死ぬ",,,,,,,
"むべ","なるほど",,,,,,,
"めざまし","素晴らしい、気に食わない",,,,,,,
"めす","お呼びになる、お取り寄せになる
召し上がる、お召しになる、
お乗りになる",,,,,,,
"めづ","愛する、感心だ",,,,,,,
"めづらし","素晴らしい、新鮮だ",,,,,,,
"めでたし","素晴らしい、魅力的だ",,,,,,,
"めやすし","無難だ",,,,,,,
"めり","～のようだ(推定)",,,,,,,
"もがな・もがも","～があればなあ",,,,,,,
"もしるく","～た通り",,,,,,,
"もぞ・もこそ","～すると困る、～すると大変だ",,,,,,,
"もてなす","みんなにふるまう、とり行う",,,,,,,
"もどかし","気に食わない",,,,,,,
"もどく","まねる、非難する",,,,,,,
"ものがたりす","話す",,,,,,,
"ものかはん","問題ではない、～ではないか",,,,,,,
"ものから","～ものの",,,,,,,
"ものし","気に食わない",,,,,,,
"ものす","いる・来る・食べる・行く・手紙を書く、などの代動詞",,,,,,,
