"clear up","晴れ渡る、片付ける",,,,,,,
"fall behind","落後する、遅れる",,,,,,,
"go on to do","次に〜する、
続けて〜する",,,,,,,
"come around [round]","巡ってくる",,,,,,,
"settle down","落ち着く、固まる、
静まる",,,,,,,
"admit ~ (to...)","〜を（...に）認める、
〜の入学を許す",,,,,,,
"pass on (~) (to...)","（〜を）（...に）に伝える、
どんどん進む",,,,,,,
"put ~ into ...","〜を...で表現する",,,,,,,
"suspect ~ of ...","〜に...の容疑をかける",,,,,,,
"expect ~ of ...","...に〜を期待する",,,,,,,
"assure ~ of ...","〜に...を保証する",,,,,,,
"confine ~ to ...","〜を...に制限する、閉じ込める",,,,,,,
"equip ~ with...","〜に...を装備する",,,,,,,
"load ~ with...","〜に...を積む",,,,,,,
"intend ~ for ...","〜を...にと意図する",,,,,,,
"make ~ of ...","...を〜にする",,,,,,,
"take one's time","ゆっくりする、
慌てずにする",,,,,,,
"take steps ","処置を講じる",,,,,,,
"rain cats and dogs","土砂降りに降る",,,,,,,
"read between the lines","行間を読む、
隠れた真相を見つける",,,,,,,
"call ~ names","〜をののしる",,,,,,,
"lose no time (in) ~ing","すぐに〜する",,,,,,,
"give ~ a ride [lift]","〜を（車に）乗せてやる",,,,,,,
"make both ends meet","収入内でやりくりする",,,,,,,
"go bad","腐る",,,,,,,
"set ~ free","〜を放免する、〜を解散する",,,,,,,
"make oneself at home","くつろぐ、気楽にする",,,,,,,
"be ashamed to ","恥ずかしくて〜できない",,,,,,,
"be curious to","〜したがる",,,,,,,
"be dying to","〜したくてたまらない",,,,,,,
"be condemned to","〜するよう運命づけられている",,,,,,,
"be determined to","〜することを固く決心している",,,,,,,
"be at pains to","〜しようと骨を折る",,,,,,,
"be confident of","〜を確信している",,,,,,,
"be easy of","〜がしやすい",,,,,,,
"be identical with","〜と等しい、一致する",,,,,,,
"be impatient of","〜に我慢ができない",,,,,,,
"be impatient for","〜を待ちかねる",,,,,,,
"be no match for","〜にはかなわない",,,,,,,
"be noted for","〜で有名である",,,,,,,
"be devoid of","〜が欠けている",,,,,,,
"be distinct from","〜とは異なる",,,,,,,
"be appropriate to/for","〜にふさわしい",,,,,,,
"be versed in","〜に精通している",,,,,,,
"be all ears","熱心に聞き入る

（類）be all eyes
目を皿のようにして見る",,,,,,,
"be all kindness","親切そのものである",,,,,,,
"at the thought of","〜を考えて",,,,,,,
