"die of ~","～で死ぬ",,,,,,,
"run out of ~","～を切らす
( out )",,,,,,,
"run short of ~","～を切らす
( short )",,,,,,,
"fall [ come ] short of ~","～に達しない",,,,,,,
"pass for ~","～として通る",,,,,,,
"pass by ~","～を通り過ぎる、
～を無視する、
～を大目に見る",,,,,,,
"pass away","行ってしまう、
過ぎ去る、亡くなる",,,,,,,
"stand by ~","～に味方する、～を支持する、
～のそばに立つ",,,,,,,
"stand for ~","～を表す、～を象徴する
～を支持する",,,,,,,
"interfere with ~","～の邪魔をする",,,,,,,
"interfere in ~","～に干渉する",,,,,,,
"hear from ~","～から便りをもらう",,,,,,,
"hear of ~","～のことを耳にする",,,,,,,
"ask after ~","～を見舞う、
～の安否を聞く",,,,,,,
"ask for ~","～を求める、請求する",,,,,,,
"inquire after ~","～の安否を尋ねる、
～を見舞う",,,,,,,
"inquire into ~","～を調査する",,,,,,,
"part from ~","～(人) と別れる",,,,,,,
"part with ~","～(物) を手放す",,,,,,,
"succeed in ~","～に成功する",,,,,,,
"succeed to ~","～を相続する、継承する",,,,,,,
"fail in ~","～に失敗する、
～に欠ける",,,,,,,
"differ from ~","～とは異なる",,,,,,,
"differ in ~","～の点で異なる",,,,,,,
"apply for ~","～(職､仕事) を申し込む、
志願する",,,,,,,
"apply to ~","～に当てはまる",,,,,,,
"enter into [ on ]~","～(話､仕事 [ 新生活､事業 ] 
など）を始める",,,,,,,
"indulge in ~","～にふける、～に凝る",,,,,,,
"believe in ~","～(の存在) を信じる、
～を良い事だと信じる",,,,,,,
"participate in ~","～に参加する、加わる",,,,,,,
"major in ~","～を専攻する",,,,,,,
"specialize in ~","～を専門に研究する、
専攻する",,,,,,,
"persist in ~","～に固執する、
～をあくまでも主張する",,,,,,,
"insist on ~","～を主張する",,,,,,,
"abound in ~","～(場所) に•••(資源) が
いっぱいだ",,,,,,,
"go with ~","～と調和する、
～と一緒に行く",,,,,,,
"coincide with ~","～に一致する、
～と同時に起こる",,,,,,,
"comply with ~","～(要望､命令) に応じる",,,,,,,
"sympathize with ~","～に同情する、
～に共鳴[賛成]する",,,,,,,
"cope with ~","～をうまく処理する",,,,,,,
"dispense with ~","～なしですます、
～を不要にする",,,,,,,
"do with ~","～を処理する、
～で我慢する、
～の必要がある",,,,,,,
"have done with ~","～を終える",,,,,,,
"trifle with ~","～をいい加減に扱う、
もてあそぶ",,,,,,,
"begin with ~
begin ~ by ••• ing","～で始める、
～を•••することから始める",,,,,,,
"abstain from ~","～を避ける、控える、
禁酒する",,,,,,,
"refrain from ~","～をこらえる、止める、
差し控える",,,,,,,
"suffer from ~","～(病気など）で苦しむ、
～の病気をしている",,,,,,,
"recover from ~","～から回復する、
～を取り戻す",,,,,,,
"come from ~","～に由来する",,,,,,,
"do without ~","～なしですます（do）",,,,,,,
"go without ~","～なしですます（go）",,,,,,,
"yield to ~","～に屈伏する",,,,,,,
"refer to ~","～に言及する、
～を参照する",,,,,,,
"see to ~","～に気をつける、
～を取り計らう、
～の世話をする",,,,,,,
"conform to ~","～に従う、
～に順応する",,,,,,,
"abide by ~","～を守る、～に従う",,,,,,,
"take to ~","～が好きになる、(習慣的に) 
～を始める、～にふける",,,,,,,
"appeal to ~","～(人) に懇願する、
～(人) の心に訴える",,,,,,,
"resort to ~","～に訴える、～に頼る",,,,,,,
