"〜（せ）ざる（は）無し


〜（せ）ざる（は）なし

","〜しないものはない",,,,,,,
"AとしてB（せ）ざるは無し


AとしてB（せ）ざるはなし","どんなAでもBしないものはない",,,,,,,
"〜（せ）ざるべからず
","〜しなければならない",,,,,,,
"〜（せ）ざる能はず


〜（せ）ざるあたはず","〜せずにはいられない",,,,,,,
"〜（せ）ざるを得ず


〜（せ）ざるをえず","〜しないわけにはいかない",,,,,,,
"未だ嘗て〜（せ）ずんばあらず


いまだかつて〜（せ）ずんばあらず","これまでに〜しなかったことはない",,,,,,,
"〜（せ）ざるに非ず


〜（せ）ざるにあらず","〜しないわけではない
",,,,,,,
"〜に非ざる（は）無し


〜にあらざる（は）なし","〜でないものはない",,,,,,,
"〜無きに非ず


〜なきにあらず","〜がないわけではない",,,,,,,
"必ずしも〜（せ）ずんばあらず


かならずしも〜（せ）ずんばあらず","必ずしも〜しないとは限らない",,,,,,,
"AとしてB無きは無し


AとしてBなきはなし","どんなAでもBしないものはない",,,,,,,
"〜（せ）ずと為さず


〜（せ）ずとなさず","〜しないとはいえない",,,,,,,
