"status","状態",,,,,,,
"statistics","統計",,,,,,,
"escape","逃げる",,,,,,,
"enthusiasm","熱意",,,,,,,
"passion","情熱",,,,,,,
"acquire","習得する",,,,,,,
"venture","冒険",,,,,,,
"illusion","幻想",,,,,,,
"broadcast","放送",,,,,,,
"automobile","自動車",,,,,,,
"commuter","通勤者",,,,,,,
"vehicle","乗り物",,,,,,,
"wheel","車輪",,,,,,,
"era","時代",,,,,,,
"joint","共同の",,,,,,,
"session","集まり",,,,,,,
"shift","変える",,,,,,,
"fellow","仲間",,,,,,,
"enemy","敵",,,,,,,
"graduate","卒業する",,,,,,,
"undergraduate","大学生",,,,,,,
"visible","見える",,,,,,,
"vision","空想、視力",,,,,,,
"portray","描く",,,,,,,
"comedy","喜劇",,,,,,,
"tragedy","悲劇",,,,,,,
"trail","引きずる",,,,,,,
"bother","悩む",,,,,,,
"proverb","ことわざ",,,,,,,
"radical","根本的な",,,,,,,
"fund","基金",,,,,,,
"finance","財政",,,,,,,
"inherit","受け継ぐ",,,,,,,
"warmth","暖かさ",,,,,,,
"broad","広い",,,,,,,
"deep","深い",,,,,,,
"profound","深い",,,,,,,
"threaten","脅す",,,,,,,
"scare","おびえさせる",,,,,,,
"joy","喜び",,,,,,,
"pleasure","楽しみ",,,,,,,
"delight","大きな喜び",,,,,,,
"pleasant","愉快な",,,,,,,
"overseas","海外へ",,,,,,,
"proceed","進む",,,,,,,
"progress","進歩",,,,,,,
"interpret","解釈する",,,,,,,
"transit","輸送",,,,,,,
"transplant","移植",,,,,,,
"transform","変化する",,,,,,,
"crazy","熱狂した",,,,,,,
"intense","強烈な",,,,,,,
"distribute","分配する",,,,,,,
"literate","読み書きできる",,,,,,,
"literal","文字通りの",,,,,,,
"flash","ぴかっと光る",,,,,,,
"heaven","天国",,,,,,,
"triumph","勝利",,,,,,,
"brilliant","優れた、輝く",,,,,,,
"intelligent","知能の高い",,,,,,,
"sharp","よく切れる、利口な",,,,,,,
"smart","利口な",,,,,,,
"impulse","衝動",,,,,,,
"motivation","やる気",,,,,,,
"primitive","原始の",,,,,,,
"miracle","奇跡",,,,,,,
"wander","さまよう",,,,,,,
"inside","中に",,,,,,,
"beside","そばに",,,,,,,
"besides","ほかに",,,,,,,
"beyond","越えて",,,,,,,
"remote","遠く離れた",,,,,,,
"journey","旅行",,,,,,,
"tour","観光旅行",,,,,,,
"migration","移住",,,,,,,
"immigration","移住",,,,,,,
"path","小道",,,,,,,
"railroad","鉄道",,,,,,,
"railway","鉄道",,,,,,,
"guilty","有罪の",,,,,,,
"innocent","無邪気な",,,,,,,
"measure","対策、手段",,,,,,,
"mood","気分",,,,,,,
"linguistic","言語上の",,,,,,,
"furniture","家具",,,,,,,
"refrigerator","冷蔵庫",,,,,,,
"bomb","爆弾",,,,,,,
"gun","銃",,,,,,,
"weapon","武器",,,,,,,
"kite","凧",,,,,,,
"toy","おもちゃ",,,,,,,
"blank","空の",,,,,,,
"assessment","判定",,,,,,,
"exchange","為替
交換する",,,,,,,
"merchant","商人",,,,,,,
"continent","大陸",,,,,,,
"peak","山頂",,,,,,,
"slope","坂",,,,,,,
"valley","谷",,,,,,,
"glacier","氷河",,,,,,,
"fountain","噴水",,,,,,,
"cave","洞窟",,,,,,,
"sand","砂",,,,,,,
"rock","岩",,,,,,,
"ocean","海洋",,,,,,,
"bay","湾",,,,,,,
"port","港",,,,,,,
"lazy","怠惰な",,,,,,,
"grain","穀物",,,,,,,
"harvest","収穫",,,,,,,
"admire","感心する",,,,,,,
"praise","賞賛",,,,,,,
"compliment","お世辞",,,,,,,
"fix","修理する",,,,,,,
"repair","修理",,,,,,,
"deny","否定する",,,,,,,
"contradiction","矛盾",,,,,,,
"explode","爆発する",,,,,,,
"crack","割れ目",,,,,,,
"scream","悲鳴",,,,,,,
"whisper","ささやく",,,,,,,
"agent","代理人",,,,,,,
"dislike","嫌いだ",,,,,,,
"hate","憎む",,,,,,,
"quit","やめる",,,,,,,
"desert","砂漠
見捨てる",,,,,,,
"classify","分類する",,,,,,,
"rank","階級",,,,,,,
"ladder","はしご",,,,,,,
"shame","恥",,,,,,,
"pity","哀れみ",,,,,,,
"category","部類",,,,,,,
"chapter","章",,,,,,,
"section","節",,,,,,,
"fame","名声",,,,,,,
"strive","努力する",,,,,,,
"effort","努力",,,,,,,
"contemporary","現代の",,,,,,,
"forever","永遠に",,,,,,,
"noise","騒音",,,,,,,
"post","郵便",,,,,,,
"shape","形、状態",,,,,,,
"target","的",,,,,,,
"ceremony","式",,,,,,,
"wave","波",,,,,,,
"flood","洪水",,,,,,,
"marine","海の",,,,,,,
"canal","運河",,,,,,,
"route","道",,,,,,,
"highway","幹線道路",,,,,,,
"reluctant","気が進まない",,,,,,,
"error","誤り",,,,,,,
"mistake","誤り",,,,,,,
"attribute","属性
〜のせいにする",,,,,,,
"barely","辛うじて",,,,,,,
"merit","美点",,,,,,,
"virtue","美徳、利点",,,,,,,
"arrest","逮捕",,,,,,,
"punish","罰する",,,,,,,
"penalty","罰",,,,,,,
"prison","刑務所",,,,,,,
"law","法律",,,,,,,
"code","規定",,,,,,,
"steal","こっそり盗む",,,,,,,
"deprive","奪う",,,,,,,
"murder","殺人",,,,,,,
"fingerprint","指紋",,,,,,,
"judge","裁く",,,,,,,
"trial","裁判",,,,,,,
"justice","正義",,,,,,,
"supreme","最高",,,,,,,
"chase","追う",,,,,,,
"amusement","楽しみ",,,,,,,
"adequate","十分な",,,,,,,
"airline","航空会社",,,,,,,
"aircraft","航空機",,,,,,,
"arrival","到着",,,,,,,
"museum","博物館",,,,,,,
"temple","寺",,,,,,,
"theater","劇場",,,,,,,
"kindergarten","幼稚園",,,,,,,
"chimney","煙突",,,,,,,
"pub","居酒屋",,,,,,,
"hall","玄関",,,,,,,
"luxury","贅沢",,,,,,,
"romance","小説",,,,,,,
"poem","詩",,,,,,,
"old-fashioned ","時代遅れの",,,,,,,
"block","阻止する",,,,,,,
"check","阻止する
小切手",,,,,,,
"border","境界",,,,,,,
"boundary","境界",,,,,,,
"alarm","おそれ、警報",,,,,,,
"amaze","びっくりさせる",,,,,,,
"astonish","驚かす",,,,,,,
"frighten","怖がらせる",,,,,,,
"greet","〜にあいさつをする",,,,,,,
"scratch","ひっかく",,,,,,,
"tap","軽くたたく",,,,,,,
"apologize","謝る",,,,,,,
"appreciate","感謝する",,,,,,,
"asleep","眠って",,,,,,,
"authority","権限",,,,,,,
"instrument","器具",,,,,,,
"pray","祈る",,,,,,,
"carbon","炭素",,,,,,,
"emission","放射",,,,,,,
"acid","酸",,,,,,,
"tropical","熱帯の",,,,,,,
"sewage","下水",,,,,,,
"trash","ごみ",,,,,,,
"extinct","絶滅した",,,,,,,
"recycle","再利用する",,,,,,,
"flat","平らな",,,,,,,
"aside","離して",,,,,,,
"evaluate","評価する",,,,,,,
"precious","貴重な",,,,,,,
"metal","金属",,,,,,,
"treasure","宝",,,,,,,
"glance","ちらっと見る",,,,,,,
"gaze","見つめる",,,,,,,
"stare","じろじろ見る",,,,,,,
"drift","漂う",,,,,,,
"float","浮く",,,,,,,
"shake","振り動かす",,,,,,,
"nod","うなずく",,,,,,,
"yawn","あくび",,,,,,,
"sigh","ため息",,,,,,,
"laugh","笑う",,,,,,,
"persuade","説得して…させる",,,,,,,
"irritate","いらいらさせる",,,,,,,
"rational","合理的な",,,,,,,
"former","前者",,,,,,,
"ballet","バレエ",,,,,,,
"medieval","中世の",,,,,,,
"absolute","絶対的な",,,,,,,
"ancestor","先祖",,,,,,,
"namely","すなわち",,,,,,,
"secure","安全な",,,,,,,
"soil","土壌",,,,,,,
"mud","泥",,,,,,,
"absence","不在",,,,,,,
"contest","競う",,,,,,,
"promise","約束",,,,,,,
"compromise","妥協",,,,,,,
"consent","同意",,,,,,,
"fee","料金",,,,,,,
"salary","給料",,,,,,,
"wage","賃金",,,,,,,
"modify","修正する",,,,,,,
"convert","変える",,,,,,,
"landscape","風景",,,,,,,
"scene","場面",,,,,,,
"perspective","見通し",,,,,,,
"tiny","とても小さい",,,,,,,
"self-esteem","自負",,,,,,,
"pure","純粋な",,,,,,,
"justify","正当化する",,,,,,,
"terrify","怖がらせる",,,,,,,
"awful","ひどい",,,,,,,
"badly","とても",,,,,,,
"contrary","反対の",,,,,,,
"contrast","対比",,,,,,,
"contract","契約",,,,,,,
"unhappy","不幸な",,,,,,,
"unpleasant","不愉快な",,,,,,,
"uniform","一様な",,,,,,,
"union","連合",,,,,,,
"unit","一個",,,,,,,
"geography","地理",,,,,,,
"circle","円",,,,,,,
"mankind","人類",,,,,,,
"humor","ユーモア",,,,,,,
"represent","表現する、意味する",,,,,,,
"equipment","装備",,,,,,,
"housework","家事",,,,,,,
"blow","打撃",,,,,,,
"forehead","額",,,,,,,
"tongue","舌",,,,,,,
"stomach","胃",,,,,,,
"knee","膝",,,,,,,
"thumb","親指",,,,,,,
"analyze","分析する",,,,,,,
"review","よく調べる、復習する",,,,,,,
"atom","原子",,,,,,,
"steam","蒸気",,,,,,,
"crystal","結晶",,,,,,,
"cycle","循環、周期",,,,,,,
"firm","会社
堅い",,,,,,,
"file","提出する",,,,,,,
"demonstrate","実証する",,,,,,,
"display","展示",,,,,,,
"exhibit","展示",,,,,,,
"freeze","凍る",,,,,,,
"moment","瞬間",,,,,,,
"pretty","かわいい
かなり",,,,,,,
"resort","訴える
リゾート",,,,,,,
"row","列",,,,,,,
"sight","見ること",,,,,,,
"spell","ひと続き",,,,,,,
"tear","涙
裂く",,,,,,,
"tip","先端",,,,,,,
"manufacture","製造",,,,,,,
"reproduce","再生する、繁殖する",,,,,,,
"abuse","虐待
酷使する",,,,,,,
"garbage","ごみ",,,,,,,
"award","賞",,,,,,,
"seize","つかむ",,,,,,,
"editor","編集者",,,,,,,
"symptom","症状",,,,,,,
"limit","制限",,,,,,,
"confine","閉じ込める",,,,,,,
"restriction","制限",,,,,,,
"attraction","魅力",,,,,,,
"wrap","包む",,,,,,,
"fold","折りたたむ",,,,,,,
"lovely","美しい、愉快な",,,,,,,
"dull","退屈な",,,,,,,
"ugly","醜い",,,,,,,
"charm","魅力",,,,,,,
"bore","退屈させる",,,,,,,
"maximum","最大限",,,,,,,
"minimum","最低限",,,,,,,
"pace","進度",,,,,,,
"underground","地下",,,,,,,
"obligation","義務",,,,,,,
"arrange","配列する",,,,,,,
"radiation","放射",,,,,,,
"crucial","決定的な",,,,,,,
"vital","とても大切な",,,,,,,
"connect","結びつける",,,,,,,
"attach","取り付ける",,,,,,,
"seldom","滅多に…しない",,,,,,,
"pessimist","悲観論者",,,,,,,
"optimist","楽天家",,,,,,,
"outline","概略",,,,,,,
"output","出力",,,,,,,
"trust","信頼",,,,,,,
"senior","年上の",,,,,,,
"fever","熱",,,,,,,
"headache","頭痛",,,,,,,
"stroke","発作",,,,,,,
"flu","インフルエンザ",,,,,,,
"obesity","肥満",,,,,,,
"fat","脂肪",,,,,,,
"lean","やせた、傾く",,,,,,,
"thin","薄い",,,,,,,
"thick","厚い",,,,,,,
"dense","密集した",,,,,,,
"destiny","運命",,,,,,,
"fate","運命",,,,,,,
"colony","植民地",,,,,,,
"astronaut","宇宙飛行士",,,,,,,
"disaster","災​​害",,,,,,,
"launch","打ち上げる、開始する",,,,,,,
"satellite","衛星",,,,,,,
"ant","アリ",,,,,,,
"insect","昆虫",,,,,,,
"mosquito","蚊",,,,,,,
"spider","蜘蛛",,,,,,,
"cage","鳥かご",,,,,,,
"horn","ツノ",,,,,,,
"dinosaur","恐竜",,,,,,,
"species","種",,,,,,,
"wild","野生の",,,,,,,
"wildlife","野生生物",,,,,,,
"laboratory","実験室",,,,,,,
"constitute","構成する",,,,,,,
"neat","きちんとした",,,,,,,
"roof","屋根",,,,,,,
"lock","錠",,,,,,,
"pile","積み重ねる",,,,,,,
"burden","負担",,,,,,,
"noble","気高い",,,,,,,
"prominent","卓越した",,,,,,,
"empire","帝国",,,,,,,
"kingdom","王国",,,,,,,
"loyalty","誠実さ",,,,,,,
"contribute","貢献する",,,,,,,
"bread","パン",,,,,,,
"wheat","小麦",,,,,,,
"chopsticks","箸",,,,,,,
"raw","生の",,,,,,,
"advice","助言",,,,,,,
"borrow","借りる",,,,,,,
"lend","貸す",,,,,,,
"rent","賃貸する
家賃",,,,,,,
"cigarette","たばこ",,,,,,,
"smoke","煙
吸う",,,,,,,
"shadow","影",,,,,,,
"shade","日陰",,,,,,,
"bury","埋める",,,,,,,
"council","協議会",,,,,,,
"peer","同僚",,,,,,,
"ensure","保証する",,,,,,,
"guarantee","保証",,,,,,,
