"おぼえ(覚え)","評判・寵愛",,,,,,,
"ひま(隙・暇)","すき間・合間",,,,,,,
"いとま(暇)","暇・休むこと",,,,,,,
"才","教養・才能",,,,,,,
"よろこび(喜び)","お礼",,,,,,,
"こころばへ(心ばへ)","気だて・心づかい・趣",,,,,,,
"こころづくし(心尽し)","もの思いをすること",,,,,,,
"そこ","あなた",,,,,,,
"ここ","このわたし",,,,,,,
"かれ","あの人",,,,,,,
"これ","このわたし",,,,,,,
"あなた","向こう",,,,,,,
"そなた","あなた",,,,,,,
"こなた","このわたし",,,,,,,
"そのかみ","その当時",,,,,,,
"せうと(兄人)","兄",,,,,,,
"おとうと(弟)","妹",,,,,,,
"いも(妹)","いとしいあなた",,,,,,,
"つま(夫・妻)","夫",,,,,,,
"はらから(同胞)","兄弟",,,,,,,
"かたへ(片方)","半分・傍ら・仲間",,,,,,,
"ほど(程)","ころ・広さ・身分・様子",,,,,,,
"かぎり(限り)","限界・機会・臨終・すべて",,,,,,,
"きは(際)","身分",,,,,,,
"ついで(序)","序列・機会",,,,,,,
"沙汰","評議・裁き・命令・噂",,,,,,,
"とが(咎・科)","欠点・罪",,,,,,,
"け(故)","ため",,,,,,,
"よし(由)","風情・由緒・手立て・こと",,,,,,,
"やう(様)","様子・理由・方法・〜ことには",,,,,,,
"ちぎり(契り)","約束・宿縁",,,,,,,
"ほだし(絆)","障害となるもの",,,,,,,
"あやめ(文目)","道理",,,,,,,
"うつつ(現)","現実・正気",,,,,,,
"あるじ(主 | 饗)","もてなし",,,,,,,
"ふるさと(古里・故郷)","なじみの土地・わが家",,,,,,,
