"あはれなり","しみじみと心に深く感じられる",,,,,,,
"つれづれなり(徒然なり)","退屈である・ものさびしい",,,,,,,
"すずろなり
そぞろなり
(漫ろなり)","なんということもない・思いがけない・むやみやたらだ",,,,,,,
"まめなり
まめやかなり","まじめである・実用的である",,,,,,,
"あだなり(徒なり)","はかない・浮気だ",,,,,,,
"いたづらなり(徒らなり)","役に立たない・むなしい",,,,,,,
"優なり","優れている・優雅である",,,,,,,
"あてなり(貴なり)","高貴である・上品である",,,,,,,
"あからさまなり","ほんのちょっと",,,,,,,
"みそかなり(密かなり)","ひそかに",,,,,,,
"おろかなり(疎かなり)","いい加減だ・並一通りだ・いう言葉では言い表せない",,,,,,,
"をこなり","愚かだ・ばかばかしい",,,,,,,
"むげなり(無下なり)","ひどい・ひどく",,,,,,,
"なかなかなり","中途半端だ・かえってしないほうがよい",,,,,,,
