"あいぎゃう　（愛敬）","可愛らしい
…
あいちゃんぎょうさん可愛らしい",,,,,,,
"あいなし","つまらない
…
愛なしではつまらない",,,,,,,
"あえか（なり）","華奢だ
…
あぁAカップ、華奢だ",,,,,,,
"あかず","もの足らない,嫌にならない
…
あかずの扉じゃもの足らない！
赤ずきん、着ていても嫌にならない。",,,,,,,
"あかなくに","名残惜しい
…
赤ん坊泣く泣く煮て食う、名残惜しい",,,,,,,
"あからさま（なり）","ついちょっと
…
アからサまでわついちょっと！",,,,,,,
"あからめ（傍目）","わき見,浮気
…
あっカラメエール わき見するまに浮気する
",,,,,,,
"あかる","別れる
…
あぁ軽く別れる
 ",,,,,,,
"あきらむ","明らかにする
…
アキラのむっつりスケベを明らかにする",,,,,,,
"あく","満ち足りる,嫌になる
…
アクマ満ち足りるが、やがて嫌になる",,,,,,,
"あくがる","浮かれ出る,憧れる
…
あぁ久我ルンルン浮かれて憧れちゃう！",,,,,,,
"あげつらふ","議論する
…
あげでつらぶつ、議論する",,,,,,,
"あさまし","驚き呆れる
…
あさ目覚ましに驚き呆れる",,,,,,,
"あさむ","驚く
…
あさムッツリスケベに驚く",,,,,,,
"あざる","ふざける
…
アザラシルンルン！ふざけるな",,,,,,,
"あし","悪い,下手だ
…
あっしが悪い、下手だ",,,,,,,
"あした（朝）","朝
…
あぁしたくなる朝",,,,,,,
"あそばす","なさる
…
あぁそばかすだらけなサル！",,,,,,,
"あそび（遊び）","詩歌管弦
…
遊び欲しいか、缶蹴りゲンコツ！",,,,,,,
"あだ（なり）","浮気,無駄,儚い
…
あーだ、浮気は無駄よ。儚いわ・・・
",,,,,,,
"あたらし","勿体ない
…
あぁたらしちゃった、勿体無い！",,,,,,,
"あぢきなし","つまらない
…
あっ磁気無しバンド、つまらない",,,,,,,
"あつし","危篤だ
…
あつしのばあちゃん、危篤だ
",,,,,,,
"あて（なり）","身分が高い
…
アテでっせ、身分が高いのは！",,,,,,,
"あない（案内）","取り次ぎ
…
あぁないない取り次ぎ！",,,,,,,
"あながち（なり）","むやみだ,無理
…
穴が小さくなる・・・むっ、闇だ。
穴が血だらけ、無理しすぎ！",,,,,,,
"あなかま","静かに
…
「あなたもおかま？」「しっ、静かに」",,,,,,,
"あなづらはし","馬鹿にしたくなる
…
あなたのヅラはしょうもない、馬鹿にしたくなる！",,,,,,,
"あなる","あるようだ,推定
…
あ、なるほど あるようだと推定する",,,,,,,
"あはれ（なり）","しみじみとする
…
ああ晴れたとしみじみとする",,,,,,,
"あふ","結婚する
…
あぁ、ふと結婚する",,,,,,,
"あべかり","ちがいない
…
アベ狩りにいったにちがいない",,,,,,,
"あへず","たえられない
…
あぁ屁はずっとはたえられない！",,,,,,,
"あへなし","がっかり,どうしようもない
…
あぁへんな梨、がっかり。どうしようもない・・・
",,,,,,,
"あへなむ","仕方がない
…
あぁ変なムウド、仕方がない・・・",,,,,,,
"あまた","たくさん
…
「余った？たくさん」",,,,,,,
"あめり","あるらしい
…
アメリカにあるらしい",,,,,,,
"あやし","いやしい,粗末だ,不思議だ
…
あっやしの実だ！いやっしいたけだ、そ、まつぼっくりだ、不思議だなぁ",,,,,,,
"あやなし","わけが分からない
…
あや、梨と戦う…わけわからん。",,,,,,,
"あやにく（なり）","意地悪だ
…
あや、憎たらしい意地悪だ！",,,,,,,
"あらがふ","言い争う
…
アライが二人で言い争う",,,,,,,
"あらたし","新しい
…
あら、確かに新しい！",,,,,,,
"あらぬ","意外だ,無関係
…
あらヌウド、意外だわ。無関係！",,,,,,,
"あらは（なり）","丸見えだ
…
あらはんケツ…丸見えだ！",,,,,,,
"あらまし","計画
…
あらまーしっかりした計画！",,,,,,,
"あらます","期待する
…
あらまぁすっごい期待する",,,,,,,
"あらまほし","理想的
…
あらまぁ星一徹、理想的！",,,,,,,
"あり","生きている
…
アリも生きている",,,,,,,
"ありありて","生きながらえる,結局（とどのつまり）
…
ありありてぇへん、生きながらえてトドの集まり",,,,,,,
"ありがたし","珍しい,生きづらい
…
ありが足し算している、珍しい、生きづらい世の中だ・・・",,,,,,,
"ありく","歩き回る
…
アリクイが歩き回る",,,,,,,
"ありつる","さっきの
…
アリとつるんでさっきの店へ",,,,,,,
"ありとある","すべての
…
アリと歩いてすべってんの",,,,,,,
"ありもつかず","落ち着かない
…
アリと餅つかず、落ち着かない！",,,,,,,
"あるじす","ご馳走する
…
あるじスッとご馳走する",,,,,,,
"あるじまうけ（饗設け）","ご馳走
…
あるじ儲けすぎ・・・ご馳走しろよ！",,,,,,,
"あるは","あるものは
…
ある筈だ、あるものは",,,,,,,
"あるやうこそは","何かわけがあるのだろう
…
ある夜こそばすからには、何かわけがあるのだろう",,,,,,,
"あれかにもあらず","ぼうっとしている
…
あれ、蟹もあらずっと、ぼうっとしている",,,,,,,
"いう（なり）","上品,素晴らしい
…
ゆうこの唸りごえ上品ね、素晴らしいわ。",,,,,,,
"いかが（は）せむ

","どうしようか、どうしようもない
…
イカがせまってくる、どうしようか、どうしようもない！

",,,,,,,
"いかで","どうして,何とかして
…
イカデカいのはどうして？なんとかしてよ。",,,,,,,
"いかめし","盛大,厳かだ
…
イカ飯せいだい、厳かだ。
",,,,,,,
"いぎたなし","寝坊だ
…
いびき高いナシ、寝坊だ",,,,,,,
"いさ（や）","さぁ、どうかな
…
「イサ子や、おいで」「さぁ、どうかな」",,,,,,,
"いざたまへ","さあいらっしゃい
…
いざ多摩へ、さあいらっしゃい",,,,,,,
"いそぎ（急ぎ）","準備
…
急ぎの準備！",,,,,,,
"いたし","あまりに,ひどい,素晴らしい
…
板野死んだらあまりにひどい、いや素晴らしい",,,,,,,
"いたづら（なり）","無駄だ,虚しい,死ぬ
…
いたづらしても無駄だ、虚しい、死んじゃいたい・・・",,,,,,,
"いたはし","苦しい,気の毒だ,お世話したい
…
板野走る苦しそう、気の毒だ、お世話したい",,,,,,,
"いちのひと（一の人）","摂関,太政大臣
…
一位の人、折檻受けて大丈夫？",,,,,,,
"いつく","大事に育てる
…
いいつくし大事に育てる",,,,,,,
"いつしか（＋願望表現）","早く
…
いつ鹿くるの？早くみたい！",,,,,,,
"いづら","何処
…
いいヅラどこどこ殴る！",,,,,,,
"いでたつ","出発する
…
家出たついでに出発する",,,,,,,
"いと・いたく（いたう）","イイとあまり痛くない",,,,,,,
"いとけなし","大人気ない
…
伊藤けなしたのは、大人気ない",,,,,,,
"いとど","いっそう
…
いいトドいっそう賢くなる",,,,,,,
"いとはし","嫌だ
…
伊藤、端っこ嫌だ。",,,,,,,
"いとふ","嫌いだ
…
伊藤、婦人は嫌いだ",,,,,,,
"いとほし","気の毒だ
…
伊藤氏は気の毒だ",,,,,,,
"いなぶ","断る
…
「いいな、ぶって！」「いや断るよ」",,,,,,,
"いはけなし","子供だ
…
言い訳なしよ、子供だなぁ",,,,,,,
"いひけつ","悪く言う
…
いいケツしてると、悪く言う",,,,,,,
"いぶかし","気がかり,知りたい
…
イブお菓子が気がかりよ。知りたいわ。",,,,,,,
"いふかひなし","つまらない
…
誘拐なしはつまらない",,,,,,,
"いぶせし","憂鬱だ
…
井伏氏は憂鬱だ",,,,,,,
"いまいまし","不吉だ
…
いま居ましたよ、不吉な幽霊",,,,,,,
"います","いらっしゃる
…
いますぐにいらっしゃる",,,,,,,
"いますがり","いらっしゃる
…
いい鱒がりにいらっしゃる！",,,,,,,
"いまだし","まだ早い
…
今ダシ取るのはまだ早い！",,,,,,,
"いまめかし","現代風
…
今おめかしするのが 現代風",,,,,,,
"いみじ","甚だしい,素晴らしい,ひどい
…
いいミジンコ、はなはだ素晴らしい、いやひどい",,,,,,,
"いむ","嫌って避ける
…
井村、嫌って避ける
",,,,,,,
"いもぬ","寝る
…
芋ぬくぬく寝る",,,,,,,
"いらふ・いらへ
","返事をする
…
イラフじん！いらへんでも返事せい！",,,,,,,
"うきよ","つらい世
…
憂き世はつらいよ",,,,,,,
"うけたまはる","お受けする
…
うっ！毛に玉張る、おお受けする",,,,,,,
"うし","つらい,情けない
…
牛になるのはつらい、情けない",,,,,,,
"うしろみ（後ろ見）","後見人
…
後ろで見ている後見人",,,,,,,
