"around the corner","間近に来て",,,,,,,
"be crowded with","で混雑している",,,,,,,
"take a day off","休暇をとる",,,,,,,
"at work","仕事中で",,,,,,,
"dress oneself","服を着る",,,,,,,
"for instance","例えば",,,,,,,
"put on","を身につける",,,,,,,
"instead of","の代わりに",,,,,,,
"be popular with","に人気がある",,,,,,,
"be dressed in","を身につけている",,,,,,,
"on time","時間通りに",,,,,,,
"on earth","一体全体
（疑問詞の後に置いて）",,,,,,,
"take care of","の世話をする",,,,,,,
"quite a few","かなり多くの",,,,,,,
"can afford to","する余裕がある",,,,,,,
"be strict with","に厳しい",,,,,,,
"insist on","を主張する",,,,,,,
"behave oneself","行儀よくする",,,,,,,
"at all times","いつも",,,,,,,
"these days","最近",,,,,,,
"appeal to","に訴える",,,,,,,
"spend A on B","AをBに費やす",,,,,,,
"spend O …ing","O（時）を…して過ごす",,,,,,,
"be forced to","せざるを得ない",,,,,,,
"move to","に引っ越す",,,,,,,
"take 〜 aback","〜をびっくりさせる",,,,,,,
"be fond of ","を好む",,,,,,,
"hold up","持ち上げる、耐える",,,,,,,
"prefer A to B","BよりAを好む",,,,,,,
"be satisfied with","に満足している",,,,,,,
"at any time","いつでも",,,,,,,
"at the mercy of","のなすがままに",,,,,,,
"get into","の中へ入る",,,,,,,
"supply A with B［B to A］","AにBを供給する",,,,,,,
"shake hands","握手する",,,,,,,
"originate in","に由来する",,,,,,,
"come across","に偶然出くわす",,,,,,,
"reach for","に手を伸ばす",,,,,,,
"out of fear","恐怖心から",,,,,,,
"in spite of oneself","思わず",,,,,,,
"each other","お互い",,,,,,,
"lay aside","を置く",,,,,,,
"be in danger","危険な状態にある",,,,,,,
"give off","を放出する",,,,,,,
"be essential to［for］","にとって不可欠である",,,,,,,
"take measures ","対策を取る",,,,,,,
"in the future","将来",,,,,,,
"in addition","加えて",,,,,,,
"clear A of B","AからBを取り除く",,,,,,,
"make room for","のために場所を空ける",,,,,,,
"be true of","に当てはまる",,,,,,,
"in the process of","の過程で",,,,,,,
"at this rate","この割合で",,,,,,,
"owe A to B","AはBのおかげである",,,,,,,
"make one's way","苦労して進む",,,,,,,
"at the age of","歳の時に",,,,,,,
"look for","探す",,,,,,,
"devote oneself to","に専念する",,,,,,,
"be engaged in","に従事している",,,,,,,
"see to it that","するよう取り計らう",,,,,,,
"set up","を設立する",,,,,,,
"as a result","その結果として",,,,,,,
"prove to be","であると判明する",,,,,,,
"bring out","を出版する",,,,,,,
"point of view","観点",,,,,,,
"break away from","と関係を絶つ",,,,,,,
"for oneself","独力で",,,,,,,
"take the lead in …ing","するのに先頭に立つ",,,,,,,
"look out for","に気をつける",,,,,,,
"in time for","に間に合って",,,,,,,
"run over","を轢く",,,,,,,
"that is（to say）","つまり",,,,,,,
"by means of","によって",,,,,,,
"catch sight of","を見かける",,,,,,,
"make a noise","音を立てる",,,,,,,
"in other words","すなわち",,,,,,,
"take note of","に気づく",,,,,,,
"for the time being","しばらくの間",,,,,,,
"take advantage of","を利用する",,,,,,,
"be dependent on","に依存している",,,,,,,
"make up for","を補う",,,,,,,
"by oneself","一人で",,,,,,,
"pay attention to","に注意を払う",,,,,,,
"apply for","に応募する",,,,,,,
"make a living","生計を立てる",,,,,,,
"see the sights of","を見物する",,,,,,,
"at the same time","同時に",,,,,,,
"pay a visit to","を訪問する",,,,,,,
"after all","結局",,,,,,,
"be equal to","に耐えられる",,,,,,,
"carry out","を実行する",,,,,,,
"in case of","する場合に備えて",,,,,,,
"depend on","に頼る",,,,,,,
"think little of","を軽んじる",,,,,,,
"pride oneself on","を誇りに思う",,,,,,,
"as a matter of fact","実際のところ",,,,,,,
"be gifted with","に恵まれている",,,,,,,
"suspect A of B","AをBではないかと疑う",,,,,,,
"not … by any means","決して…ない",,,,,,,
"admit to","を認める",,,,,,,
"nothing more than","にすぎない",,,,,,,
"think twice","よく考える",,,,,,,
"in fact","実際",,,,,,,
"fall short of","に及ばない",,,,,,,
"with respect to","に関して",,,,,,,
"be acquainted with","と知り合いである",,,,,,,
"for the most part","大部分は",,,,,,,
"of one's own accord","自発的に",,,,,,,
"by choice","進んで",,,,,,,
"tend to","する傾向がある",,,,,,,
"be different from","と違っている",,,,,,,
"on the whole","大体は",,,,,,,
"be representative of","を代表する",,,,,,,
"in common with","と共通して",,,,,,,
"close to","の近くに",,,,,,,
"play a role","役割を果たす",,,,,,,
"because of","のために",,,,,,,
"have an effect on","に影響を与える",,,,,,,
"be composed of","から成り立っている",,,,,,,
"do without","なしですます",,,,,,,
"in short supply","不足して",,,,,,,
"such as","たとえば〜のような",,,,,,,
"be abundant in","が豊富である",,,,,,,
"in part","ある程度",,,,,,,
"on the increase","増加して",,,,,,,
"on the average","平均して",,,,,,,
"keep up with","に（遅れないで）ついていく",,,,,,,
"take steps to","する手段を講じる",,,,,,,
"by accident","偶然",,,,,,,
"all the way","ずっと",,,,,,,
"in nine cases out of ten","十中八九",,,,,,,
"make friends with","と友達になる",,,,,,,
"put A into B","AをBで表す",,,,,,,
"leave A to B","AをBに任せる",,,,,,,
"have ~ in mind","〜のことを思っている",,,,,,,
"for the first time","初めて",,,,,,,
"make progress in","において進歩する",,,,,,,
"get to","に到着する",,,,,,,
"be content to","喜んで…する",,,,,,,
"have no idea","わからない",,,,,,,
"take to","が気にいる",,,,,,,
"expose A to B","AをBにさらす",,,,,,,
"by chance","たまたま",,,,,,,
"find out","を発見する",,,,,,,
"prevent ~ from …ing","〜が…するのを妨げる
（Sのために）〜は…できない",,,,,,,
"come to","するようになる",,,,,,,
"go bad","腐る",,,,,,,
"give up","やめる",,,,,,,
"make A from B","BからAを作る",,,,,,,
"add A to B","AをBに加える",,,,,,,
"to some extent","ある程度",,,,,,,
"be likely to","しそうである",,,,,,,
"distinguish A from B","AをBと区別する",,,,,,,
"take notice of","気づく、気にとめる",,,,,,,
"be absorbed in","に夢中になる",,,,,,,
"be bent on","に熱中している",,,,,,,
"concentrate on","に集中する",,,,,,,
"of great interest","大変おもしろい",,,,,,,
"bring about","を引き起こす",,,,,,,
"work on ","に取り組む",,,,,,,
"in oneself","それ自体",,,,,,,
"under the control of","に管理されて",,,,,,,
"above all","何よりもまず",,,,,,,
"classify A into B","AをBに分類する",,,,,,,
"and so on","など",,,,,,,
"What is the matter with ~?","どこが問題か",,,,,,,
"be superior to","より優れている",,,,,,,
"many a","多くの",,,,,,,
"take ~ for example","を例にとる",,,,,,,
"be inferior to","より劣る",,,,,,,
"be aware of","に気づいている",,,,,,,
"give rise to","を引き起こす",,,,,,,
"be connected with","と関係している",,,,,,,
"be ignorant of","を知らない",,,,,,,
"be conscious of","を意識している",,,,,,,
"cope with","に対処する",,,,,,,
"get to one's feet","立ち上がる",,,,,,,
"let alone","は言うまでもなく",,,,,,,
"in accordance with","に従って",,,,,,,
"in proportion to","つり合って",,,,,,,
"at issue","論争中の",,,,,,,
"as to","に関して",,,,,,,
"inform A of B","AにBを知らせる",,,,,,,
"believe in","の正当性を信じる",,,,,,,
"be wrong with","の調子が悪い",,,,,,,
"deprive A of B","AからBを奪う",,,,,,,
"on the other hand","他方では",,,,,,,
"count for much","非常に重要である",,,,,,,
"take the place of","に取って代わる",,,,,,,
"come before","より重要である",,,,,,,
"all but ","ほとんど",,,,,,,
"at the expense of","を犠牲にして",,,,,,,
"stand for","を表す",,,,,,,
"at will","意のままに",,,,,,,
"drive out","を追い出す",,,,,,,
"thanks to","のおかげで",,,,,,,
"look forward to","を楽しみにする",,,,,,,
"make money","金を儲ける",,,,,,,
"think much of","を高く評価する",,,,,,,
"be proud of","を誇りにする",,,,,,,
"make a contribution to","に貢献する",,,,,,,
"a variety of","さまざまな",,,,,,,
"give away","をただでやる",,,,,,,
"come into being","生まれる",,,,,,,
"first of all","第一に",,,,,,,
"apart from","は別にして",,,,,,,
"draw attention to ","に注意を引く",,,,,,,
"be liable to","しそうである",,,,,,,
"be characteristic of","に特有のものである",,,,,,,
"in contrast with","とは対照的に",,,,,,,
"have difficulty in …ing","するのに苦労する",,,,,,,
"compared with","と比べると",,,,,,,
"in need of ","を必要として",,,,,,,
"share A with B","AをBと共有する",,,,,,,
"be specific to","に特有である",,,,,,,
"be indispensable to","にとって不可欠である",,,,,,,
"to some degree","ある程度",,,,,,,
"at first sight","一目で",,,,,,,
"at random","雑然と",,,,,,,
"complain to A of B","AにBについて不平を言う",,,,,,,
"in line","並んで",,,,,,,
"be filled with","でいっぱいである",,,,,,,
"in a hurry","あわてて",,,,,,,
"at leisure","ゆっくりと",,,,,,,
"more often than not","しばしば",,,,,,,
"at ease","くつろいで",,,,,,,
"go through","を経験する",,,,,,,
"take a trip to","旅をする",,,,,,,
"be determined to","することを決めている",,,,,,,
"try one's best","最善を尽くす",,,,,,,
"adapt oneself to","に慣れる",,,,,,,
"on TV","テレビで",,,,,,,
"think highly of","を高く評価する",,,,,,,
"by comparison","それにひきかえ",,,,,,,
"make much of","を尊重する",,,,,,,
"differ from","と異なる",,,,,,,
"in general","一般に",,,,,,,
"prepare for","の準備をする",,,,,,,
"set off","出発する",,,,,,,
"graduate from","を卒業する",,,,,,,
"or else","そうでないと",,,,,,,
"get into contact with","に連絡を取る",,,,,,,
"relate A to B","AをBと関連付ける",,,,,,,
"in order","整然と",,,,,,,
"aim at","をねらう",,,,,,,
"at present","現在は",,,,,,,
"take ~ for granted","を当然のことと思う",,,,,,,
"be accustomed to …ing","に慣れている",,,,,,,
"look on A as B","AをBと見なす",,,,,,,
"struggle for","のために奮闘する",,,,,,,
"at the risk of","の危険を冒して",,,,,,,
"be opposed to","に反対である",,,,,,,
"by nature","生まれながらの",,,,,,,
"be apt to","しがちである",,,,,,,
"persist in","に固執する",,,,,,,
"be attached to","に愛着を持っている",,,,,,,
"approve of","をよいと認める",,,,,,,
"be familiar to","によく知られている",,,,,,,
"run out of","を切らす",,,,,,,
"be worried about","を心配している",,,,,,,
"be faced with","に直面している",,,,,,,
"than ever before","以前よりも",,,,,,,
"some ~ or other","何らかの",,,,,,,
"for ever","永久に",,,,,,,
"bring ~ to one's senses","を正気に返らせる",,,,,,,
"search for","を探し求める",,,,,,,
"so far","今のところ",,,,,,,
"in vain","むだに",,,,,,,
"make use of","を利用する",,,,,,,
"lie in","にある",,,,,,,
"come home to","痛切に感じられる",,,,,,,
"in prospect","見込まれて",,,,,,,
"in advance","前もって",,,,,,,
"get A ready for B","BのためにAを準備する",,,,,,,
"hold true of","当てはまる",,,,,,,
"at one's convenience","都合のいい時に",,,,,,,
"at any rate","とにかく",,,,,,,
"at hand","（時間、空間的に）すぐ近くに",,,,,,,
"be anxious to","することを切望する",,,,,,,
"do away with","を廃止する",,,,,,,
"see ~ off","を見送る",,,,,,,
"come to the conclusion that","という結論に達する",,,,,,,
"be lacking in","が欠けている",,,,,,,
"put oneself into one's shoes","の立場になって考える",,,,,,,
"be subject to","に従わなければならない",,,,,,,
"by air","空路で",,,,,,,
"limit A to B","AをBに制限する",,,,,,,
"force A on B","AをBに押しつける",,,,,,,
"be obliged to","せざるを得ない",,,,,,,
"pay A for B","Bの代金としてAを払う",,,,,,,
"feel for","に同情する",,,,,,,
"over and over","何度も",,,,,,,
"put up with","を我慢する",,,,,,,
"more or less","多少",,,,,,,
"in childhood","子供の頃に",,,,,,,
"be to blame for","について責任がある",,,,,,,
"provide A with B","AにBを与える",,,,,,,
"except for","を除けば",,,,,,,
"in the main","大部分",,,,,,,
"think of","を思いつく",,,,,,,
"by virtue of","のおかげで",,,,,,,
"contrary to","に反して",,,,,,,
"do good to","のためになる",,,,,,,
"be incapable of …ing","することができない",,,,,,,
"of one's own","自身の",,,,,,,
"pick up","を取る",,,,,,,
"turn away from","から離れる",,,,,,,
"be ready for","の準備ができている",,,,,,,
"put off","を延期する",,,,,,,
"say to oneself","（心の中で）思う",,,,,,,
"suffer from","を患う、で苦しむ",,,,,,,
"belong to","に属する",,,,,,,
"in a low voice","低い声で、小声で",,,,,,,
"at an end","終わって",,,,,,,
"at last","ついに",,,,,,,
"on end","続けて",,,,,,,
"in a sense","ある意味で",,,,,,,
"go on …ing","し続ける",,,,,,,
"day after day","来る日も来る日も",,,,,,,
"learn ~ by heart","を暗記する",,,,,,,
"put ~ in prison","を投獄する",,,,,,,
"write down","を書き留める",,,,,,,
"in full","全部",,,,,,,
"play a joke on","をからかう",,,,,,,
"a sheet of","1枚の",,,,,,,
"stare at","をにらむ",,,,,,,
"a pair of","一組の",,,,,,,
"put ~ together","を合わせる",,,,,,,
"a bit of","ほんのわずか",,,,,,,
"do harm to","に害を与える",,,,,,,
"no ~ whatever","少しも〜ない",,,,,,,
"at a glance","一目で",,,,,,,
"be keen on","に熱中している",,,,,,,
"on one's behalf","のために",,,,,,,
"make an estimate of","を見積もる",,,,,,,
"something like","ざっと",,,,,,,
"nothing but","にすぎない",,,,,,,
"as it were","いわば",,,,,,,
"be content with","に満足している",,,,,,,
"every other","おきに",,,,,,,
"be impressed with","に感銘を受ける",,,,,,,
"in the first place","第一に、まず",,,,,,,
"in fashion","流行の",,,,,,,
"apply to","に当てはまる",,,,,,,
"with［have］ ~ in view","心に抱いている
を視野に入れて",,,,,,,
"make ends meet","収支内でやり繰りする",,,,,,,
"stand on one's own feet","自立する",,,,,,,
"work one's way","苦労して進む",,,,,,,
"live on","で暮らす",,,,,,,
"out of the question","問題外の",,,,,,,
"out of work","失業中で",,,,,,,
"no doubt","きっと",,,,,,,
"by birth","生まれつき",,,,,,,
"be poor at","が苦手である",,,,,,,
"time after time","何度も",,,,,,,
"get lost","迷う",,,,,,,
"on one's way","途中で",,,,,,,
"head for","へ向かう",,,,,,,
"no longer","もはや…ない",,,,,,,
"now and then","時々",,,,,,,
"direct A to B","AにBへの道を教える",,,,,,,
"as usual","いつものように",,,,,,,
"turn back","引き返す",,,,,,,
"in search of","を探して",,,,,,,
"be short of","が不足している",,,,,,,
"kill time","時間をつぶす",,,,,,,
"cone about","起こる",,,,,,,
"make an appointment with","と会う約束をする",,,,,,,
"fill in","に書き込む",,,,,,,
"be based on","に基づいている",,,,,,,
"as well","同様に",,,,,,,
"fall into","に落ちる",,,,,,,
"of one's own …ing","自身で…した",,,,,,,
"at once","すぐに",,,,,,,
"get on one's nerves","のかん［神経］に障る",,,,,,,
"enjoy oneself","楽しく過ごす",,,,,,,
"to one's heart's content","心ゆくまで",,,,,,,
"be afraid of","を恐れている",,,,,,,
"deal with","を処理する",,,,,,,
"well off","裕福な",,,,,,,
"put A touch with B","AがBと連絡をとれるようにする",,,,,,,
"get married to ","と結婚する",,,,,,,
"in the course of time","そのうち",,,,,,,
"turn to","に頼る",,,,,,,
"call on","を訪ねる",,,,,,,
"on … terms with","と…の関係で",,,,,,,
"work out","うまくいく",,,,,,,
"hear from","から便りがある",,,,,,,
"part from","と別れる",,,,,,,
"refer to","に言及する",,,,,,,
"remind A of B","AにBを思い出させる",,,,,,,
"far from","決して〜ではない",,,,,,,
"all the same","それでもやはり",,,,,,,
"reflect on","についてよく考える",,,,,,,
"for a while","しばらくの間",,,,,,,
"in the name of","の名のもとに",,,,,,,
"cut down","を切り倒す",,,,,,,
"die out","絶滅する",,,,,,,
"turn into","に変わる",,,,,,,
"due to","のために、のせいで",,,,,,,
"on account of","のために",,,,,,,
"only too","残念ながら",,,,,,,
"be responsible for","に責任がある",,,,,,,
"make an effort to","努力する",,,,,,,
"avail oneself of","を利用する",,,,,,,
"on a large［small ］scale","大［小］規模に",,,,,,,
"interfere with","のじゃまをする",,,,,,,
"doubt if","かどうか疑問に思う",,,,,,,
"take the trouble to ","わざわざ…する",,,,,,,
"within reach","すぐ近くに",,,,,,,
"believe it or not","信じられないかもしれないけど本当に",,,,,,,
"dozens of","多数の",,,,,,,
"most of all","とりわけ",,,,,,,
"to one's taste","の好みに合って",,,,,,,
"be famous for","で有名である",,,,,,,
"take pleasure in","を楽しむ",,,,,,,
"A rather than B","BよりもむしろA",,,,,,,
"in comparison with","と比べて",,,,,,,
"substitute A for B","Bの代わりにAを用いる",,,,,,,
"on business","仕事で",,,,,,,
"Why don't you …?","…したらどうですか？",,,,,,,
"drop in/on/at","に立ち寄る",,,,,,,
"make up","を構成する",,,,,,,
"care for","の世話をする",,,,,,,
"and so forth","など",,,,,,,
"take in","を受け入れる",,,,,,,
"a large number of","非常に多くの",,,,,,,
"be compelled to","せざるを得ない",,,,,,,
