"for [against] a rainy day","まさかの時に",,,,,,,
"for a change (of air)","気分を変えるために、
たまには",,,,,,,
"for that matter","そのことについては",,,,,,,
"of use","役に立って

of + 抽象名詞 = 形容詞",,,,,,,
"of help","役に立って

of + 抽象名詞 = 形容詞",,,,,,,
"be of the opinion that S + V","～の考えではSVだ",,,,,,,
"by oneself","一人ぼっちで、
独力で、
ひとりでに",,,,,,,
"in oneself","それ自身",,,,,,,
"of oneself","自然に、ひとりでに",,,,,,,
"beside oneself (with~)","（〜で）我を忘れて、
怒って",,,,,,,
"in spite of oneself","我知らず、思わず",,,,,,,
"to the point","要領を得て",,,,,,,
"beside the point [mark]","要点を外れた、
見当外れの

besideは古くはfar fromの意味でも用いられていた",,,,,,,
"wide of the mark","的を外れた

分離を表すof",,,,,,,
"to one's surprise","驚いたことに",,,,,,,
"to one's heart's content","鱈腹、心ゆくまで、思う存分",,,,,,,
"to one's taste","気に入って、好みに合って",,,,,,,
"between ourselves","内緒にして",,,,,,,
"without fail","必ず",,,,,,,
"under way","進行中で",,,,,,,
"little by little","少しずつ、徐々に",,,,,,,
"word for word,
word by word","逐語的に
「一語に代えて他の一語を」",,,,,,,
"over and over (again)","何度も繰り返して、
再三再四",,,,,,,
"on and on","引き続き、どんどん",,,,,,,
"on and off","時々、断続的に",,,,,,,
"all the same,
just the same","まったく同じ、
それにもかかわらず",,,,,,,
"on the contrary","それどころか
前文を受けて「それとは反対に」",,,,,,,
"to the contrary","それとは反対の趣旨の
主に形容詞の働きをする。",,,,,,,
"on the other hand","他方では、
これに反して",,,,,,,
"that is (to say )","つまり、すなわち、
言い換えれば",,,,,,,
"and that","しかも",,,,,,,
"for all I know","私の知る限りでは",,,,,,,
"as follows","次の通り（で）",,,,,,,
"a great deal of ,
a good deal of","非常に多くの
かなり多くの",,,,,,,
"a large number of ,
a great number of","たくさんの",,,,,,,
"a small number of","少しの",,,,,,,
"a good many,
a great many","かなり多くの
非常に多くの",,,,,,,
"many a 単数名詞","多くの

複数の意味になるが動詞は単数として受ける。",,,,,,,
"quite a few","かなり多くの

反語表現。",,,,,,,
"not a little","少なからぬ（量の）",,,,,,,
"up to","〜次第で、〜の責任で、
〜をたくらんで、〜に達して",,,,,,,
"well off","裕福な

be動詞と共に用いる。「良い方にそれて」という意味。",,,,,,,
"badly off","暮らし向きが悪い、貧乏な

「悪い方にそれて」という意味。",,,,,,,
"so much for","〜のことはこれだけ

forは「〜については」の意味。",,,,,,,
"as 名詞 go","世間並みの（名詞）としては、
（名詞）の範囲内では",,,,,,,
"as of","〜現在の（で）",,,,,,,
"none too","少しも...ない

tooをnoneで全面否定。",,,,,,,
"all too","（残念ながら）とても...

allは副詞で、「まったく」という意味。too「〜過ぎる、とても」をさらに強調したもの。",,,,,,,
"only too","残念ながら...、非常に...",,,,,,,
"by far","はるかに、大変

比較級、最上級を強める。「はるかな程度に」ということ。",,,,,,,
"by profession","職業は

byは「〜の基準で」という意味。",,,,,,,
"(be) all up with,
(be) all over with","〜はもうだめだ、万事休すだ

upやoverには「終わって」という意味がある。allはそれを強調したもの。",,,,,,,
"as well","〜もまた

as well asの後半を省略したものと考えられる。",,,,,,,
"as it were","いわば

仮定法表現。so to speakと同意。",,,,,,,
"Fancy ...ing !","...するなんて〈驚きを表す〉

いつも命令文で使われ、Fancy〜!の形で、「〜だなんて!」となる。",,,,,,,
"There is something ~ about...","...にはどこか~なところがある。

~には形容詞が入り、something を後置修飾する。",,,,,,,
