"look to ~","～を当てにする、～に頼る、
～に目を向ける、注意する",,,,,,,
"graduate from ~","〜を卒業する",,,,,,,
"come by ~","〜を偶然手に入れる",,,,,,,
"come across [ upon ] ~","〜に偶然出くわす、
～をふと見つける、
理解される",,,,,,,
"run into [ across ] ~","〜に偶然出会う",,,,,,,
"meet with ~","〜に遭遇する、
～を経験する",,,,,,,
"go into ~","〜を調べる、
～の中へ入る",,,,,,,
"look into ~","〜を調べる、
～をのぞきこむ",,,,,,,
"look over ~","～を調べる、
～に目を通す",,,,,,,
"go over (~)","～を調べる、
～を復習する
渡る",,,,,,,
"go through ~","～を経験する、～を調べる
～を通り抜ける",,,,,,,
"get [ put ] through (~)","～をやり遂げる
電話が通じる
～を理解させる",,,,,,,
"get over ~","～を乗り越える、
～から立ち直る",,,,,,,
"take after ~","～に似ている",,,,,,,
"set about ~","～を始める
～に取りかかる",,,,,,,
"go about (~)","～に取りかかる
歩き回る",,,,,,,
"beat about [ around ] the bush","遠回しに言う
探りを入れる",,,,,,,
"come into sight [ view ]","見えてくる",,,,,,,
"look through ~","～に目を通す
～を見抜く
～をよく調べる",,,,,,,
"see through ~","～を見抜く、見破る
～を通して見る",,,,,,,
"look up ~ ( in the dictionary )","(辞書で) ～を調べる",,,,,,,
"go on ~ ing","～し続ける(g)",,,,,,,
"keep on ~ ing","～し続ける (k)",,,,,,,
"bring about ~","～を引き起こす",,,,,,,
"bring back ~","～を思い出させる
～を戻す",,,,,,,
"bring in ~","～を持ち込む、取り入れる
(議案など)を提出する",,,,,,,
"give in (to ~)","（～に)屈伏する、
～を提出する",,,,,,,
"turn in (~)","～を提出する、
寝る",,,,,,,
"turn on ~","～(ガス、明かりなど)を
つける、～を攻撃する",,,,,,,
"put [ set, lay ] aside ~","～をわきへ置く、
(お金など)を取っておく",,,,,,,
"take over ~","～を引き継ぐ",,,,,,,
"think over ~","～についてよく考える",,,,,,,
"cut down (on) ~","～ (数、量) を減らす、
～ (費用)を削減する",,,,,,,
"turn down ~","～を拒絶する、
(ラジオなどの)音を下げる",,,,,,,
"put down ~","～を抑える、静める
～を書き留める",,,,,,,
"take [ write, set, put, get ] down ~","～を書き留める",,,,,,,
"back up ~","～を支持する",,,,,,,
"blow up (~)","～を爆破する
爆発する",,,,,,,
"bring up ~","～を育てる
～を話題に持ち出す",,,,,,,
"keep up ~","～を維持する",,,,,,,
"call [ ring ] up ~","～に電話をかける",,,,,,,
"give up ~","～を諦める、～をやめる",,,,,,,
"make up (~)","～を補う、～をでっちあげる
～に化粧する
仲直りする",,,,,,,
"make up one's mind","決心する",,,,,,,
"put up (~)","～を上げる、～を建てる
～を泊める、泊まる",,,,,,,
"pull up (~)","～を止める、～を引き抜く
～を根絶する、止まる",,,,,,,
"set up ~","～を設立する、作る
～を引き起こす",,,,,,,
"hold up ~","～を阻止する
～を持ち上げる",,,,,,,
"take up ~","～(仕事、趣味など)を始める
～(場所)を占める
～を吸収する
～を取り上げる",,,,,,,
"pick up ~","～を(偶然)手に入れる
～(人)を(車で)迎えに行く
～(外国語、知識など)を身に
つける、～を拾い上げる",,,,,,,
"pick out ~","～を選び出す",,,,,,,
"mix up ~","～を混同する、
～をよく混ぜる",,,,,,,
"hang up","電話を切る",,,,,,,
"bring out ~","～を出版する
～を明らかにする",,,,,,,
"carry out ~","～を実行する",,,,,,,
"carry on (~)","～を続ける、(自)続ける",,,,,,,
"make out (~)","～を理解する、～を見分ける
～を証明する
うまくやっていく",,,,,,,
"figure out ~","～を理解する、～を解決する",,,,,,,
"work out (~)","～(問題など)を解決する
～を考え出す
うまくいく",,,,,,,
"lay out ~","～の設計をする
～を広げる、並べる",,,,,,,
