"take off","離陸する、～を脱ぐ、
～を取り去る、
休暇で～を取る",,,,,,,
"go off","逃げる、出発する、消える、
爆発する、(事が)進む",,,,,,,
"come off","(部分的なものが）取れる、
（計画などが）うまくいく",,,,,,,
"come to","意識を取り戻す",,,,,,,
"get nowhere","無益である、意味が無い",,,,,,,
"break in","押し入る、横から口を挟む",,,,,,,
"hang around [about]","ぶらつく",,,,,,,
"go together","調和する、釣り合う",,,,,,,
"pull together","協力する",,,,,,,
"fall through","(計画などが）失敗に終わる",,,,,,,
"name ~ after •••","•••にちなんで～を名付ける",,,,,,,
"congratulate ~ on •••","•••の事で～を祝う",,,,,,,
"spend ~ on •••","•••に～を費やす",,,,,,,
"spend ~ •••ing","～を•••することに費やす",,,,,,,
"impose (~) on •••"," ••• に～を課す、～を押し付ける、
 •••をだます",,,,,,,
"concentrate (~) on •••","(を)  •••に集中する、
注意を向ける",,,,,,,
"take ~ into account [consideration]","～を考慮する、
斟酌(しんしゃく)する",,,,,,,
"put ~ into practice","〜を実行する",,,,,,,
"put ~ to use","〜を利用する",,,,,,,
"remind ~ of •••","〜に•••を思い出させる",,,,,,,
"inform ~ of •••","～に•••を知らせる",,,,,,,
"convince ~ of •••","～に•••を確信させる、
納得させる",,,,,,,
"persuade ~ of •••","～に•••を信じさせる、
納得させる",,,,,,,
"warn ~ of •••","～に•••を警告する、
通告する",,,,,,,
"ask a favor of ~","～に頼み事をする",,,,,,,
"accuse ~ of •••","～を•••で非難する、
責める",,,,,,,
"charge ~ with •••","～を•••で非難[告訴]する、
～に•••を委ねる",,,,,,,
"deprive ~ of •••","～から•••を奪う",,,,,,,
"rob ~ of •••","～の•••を奪う",,,,,,,
"clear ~ of •••","～から•••を片付ける",,,,,,,
"cure ~ of •••","～の•••をなおす",,,,,,,
"get rid of ~","～を取り除く、
～から免れる",,,,,,,
"remember ~ to •••","～のことを•••によろしく
伝える",,,,,,,
"give one's best regards to ~","～によろしく伝える",,,,,,,
"attribute ~ to •••","～を•••のせいにする",,,,,,,
"ascribe ~ to •••","～を•••のせいにする",,,,,,,
"owe ~ to •••","～は•••のおかげだ
～を•••に借りている",,,,,,,
"leave ~ to •••","～を•••に任せる",,,,,,,
"reduce ~ to •••","～を•••(の状態)にする
～を•••に減ずる",,,,,,,
"prefer ~ to •••","•••より～を好む",,,,,,,
"compare ~ to [with] •••","～を•••に例える
（toの方が好まれる）",,,,,,,
"compare ~ with [to] •••","～を•••と比べる
（withの方が好まれる）",,,,,,,
"devote ~ to •••","～を•••に捧げる",,,,,,,
"devote oneself to ~","～に専念する",,,,,,,
"contribute ~ to •••","～を•••に捧げる",,,,,,,
"apply oneself to ~","～に専念する",,,,,,,
"adapt ~ to •••","～を•••に順応させる、
慣れさせる",,,,,,,
"adjust ~ to •••","～を•••に適合させる",,,,,,,
"attach ~ to •••","～を•••に取り[貼り]付ける",,,,,,,
"persuade [talk] ~ into •••
persuade ~ to do •••","～に•••するように説得する",,,,,,,
"talk [persuade] ~ out of •••ing","～を説得して•••するのを
やめさせる",,,,,,,
"submit ~ to •••","～を•••に提出する",,,,,,,
"have ~ to oneself","～を独占する",,,,,,,
"provide ~ with •••","～に•••を与える、供給する",,,,,,,
"supply ~ with •••","～に•••を供給する",,,,,,,
"present ~ with •••","～に•••を贈る",,,,,,,
"endow ~ with •••","～に•••を授ける",,,,,,,
"fill ~ with •••","～を•••で満たす",,,,,,,
"trust ~ with •••","～に•••を委託する、
預ける",,,,,,,
"entrust ~ with •••","～に•••を託する、一任する",,,,,,,
