"のたまふ(宣ふ)
のたまはす(宣はす)","おっしゃる(尊敬)",,,,,,,
"仰す","おっしゃる・命令なさる(尊敬)",,,,,,,
"聞こゆ
聞こえさす","申し上げる(謙譲)・(お)〜申し上げる(謙譲補)",,,,,,,
"申す","申し上げる(謙譲)・(お)〜申し上げる(謙譲補)",,,,,,,
"奏す","申し上げる(謙譲)",,,,,,,
"啓す","申し上げる(謙譲)",,,,,,,
"承る","お受けする・お聞きする(謙譲)",,,,,,,
"給ふ A.ハ行四段
             B.ハ行下二段","A.お与えになる・下さる(尊敬)・〜なさる(尊敬補)
B.〜(ており)ます",,,,,,,
"たまはす(給はす・賜はす)","お与えになる(尊敬)",,,,,,,
"たまはる(賜はる・給はる)","いただく(謙譲)お与えになる(尊敬)",,,,,,,
"召す","お呼びになる・お取り寄せになる・お召しになる・お乗りになる(尊敬)",,,,,,,
"思す
思し召す","お思いになる(尊敬)",,,,,,,
"おほとのごもる(大殿籠る)","おやすみになる(尊敬)",,,,,,,
"さぶらふ
さうらふ(候ふ)","お仕え申し上げる(謙譲)・あります(丁寧)・〜(でござい)ます(丁寧補)",,,,,,,
"はべり(侍り)","お仕え申し上げる(謙譲)・あります(丁寧)・〜(でござい)ます",,,,,,,
"奉る","差し上げる(謙譲)・(お)〜申し上げる(謙譲補)・お召しになる(尊敬)・召し上がる(尊敬)・お乗りになる(尊敬)",,,,,,,
"参らす","差し上げる(謙譲)・(お)〜申し上げる(謙譲補)",,,,,,,
"まゐる(参る)
まうづ(詣づ)","参上する・差し上げる(謙譲)・召し上がる(尊敬)",,,,,,,
"まかる
まかづ","退出する(謙譲)・出かけます(丁寧)",,,,,,,
"つかはす(遣はす)","おやりになる(尊敬)",,,,,,,
"つか(う)まつる(仕うまつる)","お仕え申し上げる・し申し上げる(謙譲)",,,,,,,
"聞こし召す","お聞きになる・召し上がる(尊敬)",,,,,,,
"しろしめす","知っていらっしゃる・お納めになる(尊敬)",,,,,,,
"おはす
おはします","いらっしゃる(尊敬)・〜(て)いらっしゃる(尊敬補)",,,,,,,
"います
ます
まします
いますかり","いらっしゃる(尊敬)・〜(て)いらっしゃる(尊敬補)",,,,,,,
"御覧ず","御覧になる(尊敬語)",,,,,,,
