"〜（せ）ず


〜（せ）ず","〜しない
〜でない",,,,,,,
"〜に非ず


〜にあらず","〜でない
〜ではない",,,,,,,
"〜（すること）無し


〜（すること）なし","〜がない
〜はない",,,,,,,
"いまだ〜（せ）ず


未だ〜（せ）ず","まだ〜でない",,,,,,,
"〜（すること）勿かれ


〜（すること）なかれ","〜してはいけない",,,,,,,
"〜（すること）能はず


〜（すること）あたはず","〜できない",,,,,,,
"〜（する）を得ず


〜（する）をえず","〜できない",,,,,,,
"〜（す）べからず


","1 禁止
〜してはいけない

2 不可能
〜できない",,,,,,,
