"in [into] one's shoes","～の立場に立って、～に代わって

put oneself in one's shoesで頻出。",,,,,,,
"in brief [short]","要するに

= in a word, to sum up,
to make a long story shortなど",,,,,,,
"in particular","とくに

（反）in general",,,,,,,
"in general","一般に

(反) in particular",,,,,,,
"in public","公然と、人前で

(反) in private ,secretly",,,,,,,
"in private","内々で、秘密に

(反) in public",,,,,,,
"in the air","(うわさなどが)広まって、空中に

on the air(放送中で)と区別する。",,,,,,,
"on the air","放送中で

in the air(広まって、空中に)と区別する。",,,,,,,
"in turn","順番に、交代で、今度は

(同)by turns
単数形、複数形を区別。",,,,,,,
"take turns in / at  ~ing","交代で~する",,,,,,,
"in the way","邪魔になって

be / get in the wayで多用。",,,,,,,
"in vain","無駄に、むなしく",,,,,,,
"to no purpose","無駄な

toは「到達」を表す。
「目的に到達しない」",,,,,,,
"in order","整って、順を追って、
順番に

(反) out of order",,,,,,,
"out of order","故障して、順序が狂って、
調子が悪い

(反) in order",,,,,,,
"in demand","需要がある

on demand(請求があり次第)と区別する。",,,,,,,
"in ~ spirits","〜の気分で

high/good(上機嫌で、元気で)
low/poor(元気がない)",,,,,,,
"in fact [reality]","実際に、(ところが)実は

「実際に」:前述内容を補強
「実は」:前述内容を否定",,,,,,,
"in practice","実際上",,,,,,,
"in principle","原則として、だいたいにおいて

principal(主要な)と区別する。",,,,,,,
"in person","(代理ではなく)本人で

「本人であること」を強く限定する。",,,,,,,
"by birth [nature]","生まれは、生まれながらの

(注) 無冠詞で使う。",,,,,,,
"(know~) by name","名前で、名前だけは
（〜を知っている）",,,,,,,
"(know~) by sight","顔は、顔だけは
（〜を知っている）",,,,,,,
"by accident [chance]","事故〔偶然〕によって

(反) on purpose, intentionally",,,,,,,
"on purpose","わざと、故意に

(反) by accident, accidentally",,,,,,,
"by mistake","間違って",,,,,,,
"by turns","交代で、順番に

= in turn, 単数形、複数形に注意する。",,,,,,,
"at a loss (for words)","途方に暮れて､（言葉につまる）",,,,,,,
"at peace (with~)","平和に、（〜と）仲良くして",,,,,,,
"at (the) table","食事中で",,,,,,,
"at work","働いている、仕事中で",,,,,,,
"at issue","論争中で",,,,,,,
"ill at ease","不安で、落ち着かずに",,,,,,,
"at will","意のままに",,,,,,,
"at first sight","ひと目で、一見したところで

= at a glance",,,,,,,
"at first hand","直接に、じかに

= directly",,,,,,,
"at one's disposal","～の思うままに

「～が処理できる」ということ。",,,,,,,
"out of the question","問題にならない、論外である、
とても不可能な

= impossible",,,,,,,
"out of hand","手に負えないで、すぐに

handは「支配、管理」を表す。
(類) out of control",,,,,,,
"out of breath","息を切らして

out of は「～から外へ→～がなくなって」と考える。",,,,,,,
"as a result [consequence] ","（の〜）結果として

= in consequence of
前述の内容を受ける形で頻出。",,,,,,,
"as a rule","概して、普通は、一般に

= on the whole、generally speakingなど。",,,,,,,
"as a whole","全体として、相対的に

on the whole (概して)と混同しやすい。",,,,,,,
"on the whole","概して、大体は

= generally, mostly, as a rule
as a whole (全体として)と区別する。",,,,,,,
"as such","そういうものとして

suchは代名詞「そのようなもの/こと」",,,,,,,
"as a matter of course","当然、勿論

as a matter of fact(実際のところ)と区別する。",,,,,,,
"as a matter of fact","実際のところ、実は

= in fact, in realityなど。",,,,,,,
"on one's way","途中で

in one's way (～の邪魔になって)と区別する。",,,,,,,
"on duty","勤務時間中で、当直で

(反) off duty(勤務時間外で、当直で)",,,,,,,
"on one's guard","用心して",,,,,,,
"on the part of","～の側では

on one's partもある。",,,,,,,
"on one's own","自分の責任で、独力で、
1人だけで",,,,,,,
"on end","続けて

「終わりが続いている」と考える。",,,,,,,
"on the increase","増加中で

(反) on the decrease (減少中で)",,,,,,,
"on the go","忙しくて、働きづめで

goは名詞「活力、元気」。",,,,,,,
"for one thing ~ 
(, for another ~ )","一つには〜で（、一つには～である）",,,,,,,
"for one","個人的には

通常 I, for one, ~(私個人としては)といった形で。",,,,,,,
"for my part","私としては、私に関する限り",,,,,,,
"for the most part","大部分

= mostly",,,,,,,
"for nothing","無料で、無駄に

= free of charge, for free
 / in vain",,,,,,,
"for the life of me","〈否定文で〉どうしても（～ない）

交換のfor。「命と引き換えでも」の意味。",,,,,,,
