"おぼろけなり","並ひととおりだ・並ひととおりではない",,,,,,,
"なのめなり(斜めなり)","並ひととおりだ・いい加減だ・並ひととおりではない",,,,,,,
"清らなり
けうらなり","清らかで美しい",,,,,,,
"まほなり","完全である",,,,,,,
"あらはなり(顕なり)","まる見えである",,,,,,,
"あながちなり(強ちなり)","強引だ・むやみに",,,,,,,
"せちなり(切なり)","切実である・大切である",,,,,,,
"とみなり(頓なり)","急だ",,,,,,,
"うちつけなり","にわかだ・軽率だ",,,,,,,
"さらなり(更なり)","言うまでもない",,,,,,,
"ねんごろなり(懇ろなり)","心を込めて丁寧だ・親密だ",,,,,,,
"おいらかなり","おっとりしている",,,,,,,
"あやにくなり","意地が悪い・あいにくだ",,,,,,,
