"ためらふ","気持ちを静める・ためらう",,,,,,,
"やすらふ(休らふ)","ためらう・立ち止まる",,,,,,,
"かたらふ(語らふ)","語り合う・親しく交際する・契る・説得する",,,,,,,
"住む","通う",,,,,,,
"やむ(止む)","終わる",,,,,,,
"うつろふ(移ろふ)","色あせる",,,,,,,
"見出だす","外を見る",,,,,,,
"もてなす","振る舞う・処理する・もてはやす",,,,,,,
"あつかふ","面倒を見る・もてあます",,,,,,,
"あくがる","さまよう・浮かれ出る",,,,,,,
"あふ(合ふ／会ふ／逢ふ・敢ふ)","結婚する・耐えられない・〜しきれない",,,,,,,
"しほたる(潮垂る)","涙を流す",,,,,,,
"かきくらす(掻き暗す)","空を暗くする・悲しみにくれる",,,,,,,
"まどふ(惑ふ)","迷う・ひどく",,,,,,,
"たばかる(謀る)","工夫する・だます",,,,,,,
"すさぶ(荒ぶ・進ぶ・遊ぶ)","興じる・気の向くまま〜する",,,,,,,
"すまふ(争ふ・辞ふ)","抵抗する・断る",,,,,,,
"まねぶ(学ぶ)","まねる・伝える",,,,,,,
"ねぶ","年をとる・大人びる",,,,,,,
"おきつ(掟つ)","指図する・決めておく",,,,,,,
"うれふ(愁ふ)","訴える",,,,,,,
"むすぶ(結ぶ・掬ぶ)","できる・すくう",,,,,,,
"とぶらふ(訪ふ・弔ふ)","訪ねる・見舞う・弔う",,,,,,,
"やつす","質素にする・出家する",,,,,,,
"さはる(障る)","差し支える・妨げられる",,,,,,,
"かしこまる(畏まる)","恐縮する・恐縮して正座する",,,,,,,
"かこつ(託つ)","嘆く",,,,,,,
"わく(分く)","理解する",,,,,,,
"つつむ(慎む)","遠慮する",,,,,,,
