"うしろめたし","心配だ
…
後ろの目、確かに心配だ",,,,,,,
"うしろやすし","安心だ
…
後ろにやすしで安心だ",,,,,,,
"うす","死ぬ
…
うっすら死ぬ",,,,,,,
"うたて","ますます,ひどい,情けない
…
歌ってみると ますますひどい、情けない・・・",,,,,,,
"うたてあり","嫌だ
…
「歌ってアリさん」「嫌だ」",,,,,,,
"うたてし","嫌だ,情けない
…
「歌ってシマウマさん！」「嫌だ、情けない・・・」",,,,,,,
"うち（内・内裏）","宮中,天皇
…
うちが宮中？・・・まして天皇？",,,,,,,
"うちつけ（なり）","突然
…
打ち付けた顔面、トツゼン死",,,,,,,
"うちとく","気を許す
…
うち、とっくに気を許す",,,,,,,
"うつくし","可愛い
…
う、つくしんぼ、可愛いぞ！",,,,,,,
"うつたへに","ことさら
…
うったへに行こう、琴さらわれた",,,,,,,
"うつつ（現）","現実
…
打つ打つイチロー、現実だ",,,,,,,
"うつはもの（器物）","才能
…
打つは、ものすごい才能で！",,,,,,,
"うつろふ","色褪せる
…
う、つろうごさいます！色褪せるのは",,,,,,,
"うとし","親しくない
…
うっとうしい奴とは親しくない",,,,,,,
"うとまし","嫌だ,気味が悪い
…
う、トマト死んじゃ嫌だ、気味が悪い",,,,,,,
"うへ（上）","天皇
…
うへっ天皇だ",,,,,,,
"うまのはなむけ（馬の餞）","送別会
…
馬の鼻むけ！送別会だ",,,,,,,
"うめく","苦吟する
…
梅食うと クー、ギンギンする！",,,,,,,
"うらなし","ざっくばらん
…
裏話ざっくばらん",,,,,,,
"うるさし","面倒,嫌味だ
…
うるさいし面倒で嫌味だなぁ",,,,,,,
"うるはし","整っている
…
ウールはしっかり整っている",,,,,,,
"うんず","ふさぎこむ,嫌になる
…
うーん ずっとふさぎこんで嫌になる",,,,,,,
"え（〜ず）","できない
…
えぇ〜、ずっと出来ないの？",,,,,,,
"えさらず","避けられない
…
えぇ〜、皿ずぅえったい避けられない！",,,,,,,
"えならず","何とも言えないほど良い
…
ええ奈良漬け、何とも言えないほど良い！",,,,,,,
"えん（なり）","優美だ
…
えなりかずき優美だ",,,,,,,
"おいらか（なり）","おっとりしている
…
おいら感度がおっとりしている",,,,,,,
"おきつ
","指図する
…
沖で釣ってろ！と指図する",,,,,,,
"おきな・おうな","爺さん,婆さん
…
おおきな爺さん、背負うな婆さん",,,,,,,
"おくる","取り残される
…
おークルクル、取り残される
",,,,,,,
"おこたる","病気が治る
…
おこたにあたると病気が治る",,,,,,,
"おこなふ","仏道修行する
…
おお粉フリフリ仏道修行する",,,,,,,
"おづ","こわがる
…
オヅの魔法使いをこわがる",,,,,,,
"おと（音）","評判,便り
...
夫に聞く評判を便りする",,,,,,,
"おとど","大臣
...
おっとどっこい大臣だい",,,,,,,
"おとなし","大人びている
...
おとなしい子は大人びている",,,,,,,
"おとなふ","訪れる
...
大人フリフリ訪れる",,,,,,,
"おとなぶ","分別がある
...
大人ぶって分別がある",,,,,,,
"おどろおどろし","気味が悪い,おおげさだ
...
踊ろ踊ろ尻ふりダンスは気味が悪くて、おおげさだ",,,,,,,
"おどろく","目を覚ます
...
おっと六時だ、目を覚ます",,,,,,,
"おのづから","ひょっとして.偶然
...
小野塚らはひょっとして偶然、自然植物園へ行った？",,,,,,,
"おはします","いらっしゃる
...
大橋（おーはし）巨泉ますますいらっしゃる",,,,,,,
"おはす","いらっしゃる　〈サ変〉
...
大橋（おーはす）巨泉でいらっしゃる、サーjavascript:void(0);変",,,,,,,
"おぼえ（覚え）","良い評判,寵愛を受けること
...
オーボエ吹きは評判いい、超ー愛してる",,,,,,,
"おほけなし","身分不相応だ
...
王家のナシ、身分不相応だ",,,,,,,
"おほす","おっしゃる
...
「おほほステキ」とおっしゃる",,,,,,,
"おぼす","お思いになる
...
おおボスがお思いになる",,,,,,,
"おぼつかなし","気掛かりだ
...
おぉボツ悲しい、気掛かりだ",,,,,,,
"おほとのごもる","お休みになる
...
オホホ、殿ゴモラとルンルンお休みになる",,,,,,,
"おほやけ（公）","朝廷
...
オホホ、焼けちゃった朝廷",,,,,,,
"おぼゆ","似ている,自然に思われる
...
お盆の湯に似ていると自然に思われる",,,,,,,
"おぼろげ（なり）","格別だ,普通だ
...
おんぼろなゲイバー、格別だ。いや普通だよ",,,,,,,
"おもしろし","趣がある,興味深い
...
面白い城、趣がある。興味深いね",,,,,,,
"おもて","顔
...
オーもてもての顔",,,,,,,
"おもて（を）おこす","名誉を回復する
...
表をこすって名誉を回復する",,,,,,,
"おもて（を）ふす","不名誉だ
...
表にブスは不名誉だ",,,,,,,
"およずく・およすぐ","大人になる
...
お嫁すぐに大人になる",,,,,,,
"おろか（なり）","オー、廊下掃除いいかげん、この未熟者！",,,,,,,
"おろす","出家する
...
オロオロすっかり出家する",,,,,,,
"かきくらす","心を暗くする
…
柿くらってすっかり心が暗くなる",,,,,,,
"かぎり（限り）","全部
…
鍵リリリ、全部",,,,,,,
"かくる","死ぬ
…
蚊がクルッと死ぬ",,,,,,,
"かこつ","他のせいにする,嘆く
…
「カッコつけるな、お前のせいだ」と嘆く",,,,,,,
"かごと（託言）","愚痴
…
カゴとられたとグチこぼす",,,,,,,
"かし","念押しの終助詞
…
貸しだよね、と念を押す",,,,,,,
"かしかまし","やかましい
…
カッシーかマッシーはやかましい",,,,,,,
"かしこし","非常に,おそれおおい
…
かーしこしこ、非常におそれおおい",,,,,,,
"かしづく","菓子づっくりと大切に育てる",,,,,,,
"かしまし","やかましい
…
「カッシー！」「マッシー！」
「やかましい！」",,,,,,,
"かずならず
","取るに足らない
…
数ならずいぶん取るに足らない",,,,,,,
"かずまふ","人並みに扱う
…
カズ、マフィアを人並みに扱う",,,,,,,
"かたくな（なり）","見苦しい,物分かりが悪い
…
かたくなだな見苦しい、物分かりが悪いぞ",,,,,,,
"かたし","まれだ,難しい
…
肩しまれ、そりゃ難しい",,,,,,,
"かたち（形・貌・容）","容貌
…
形より大きさをご要望",,,,,,,
"かたはらいたし","苦々しい,恥ずかしい
…
片腹痛いし、苦々しい。そばで見られて恥ずかしい",,,,,,,
"かたへ（片方）","そば
…
肩へソバ粉",,,,,,,
"かたほ（なり）","片方じゃ不完全だ",,,,,,,
"かたみに","お互いに
…
形見にしよう、お互いに",,,,,,,
"かち","徒歩
…
かっちゃんトホホ",,,,,,,
"かつ","一方
…
勝つ一方",,,,,,,
"かづく","潜る,褒美をもらう
…
和くん潜って褒美をもらう",,,,,,,
"かど","才能
…
かどわかしも才能のうち",,,,,,,
"かなし・かなしうす","かわいい
…
悲しい臼井君かわいい",,,,,,,
"かまびすし","うるさい
…
「釜、びしっ、ずしっ！」「うるさいっ！」",,,,,,,
"かまふ","作る,計画を立てる
…
釜二つ作る計画を立てる",,,,,,,
"かまへて","必ず
…
かまへて打てば必ず当たる",,,,,,,
"からし","つらい
…
からしはつらい",,,,,,,
"ーがり","元へ
…
ガリガリ君の元へ行こう",,,,,,,
"かりそめ（なり）","ちょっとだけ,一時的
…
仮に染めた髪、ちょっとだけ一時的よ",,,,,,,
"かる","離れる
…
カール君から離れる",,,,,,,
"かんず","感動する
…
感ずすぎて感動する",,,,,,,
"きこゆ","申し上げる
…
「聞こう、ゆっくり」「では申し上げる」",,,,,,,
"きは（際）","身分
…
きはめる身分",,,,,,,
"きはやか（なり）","目立つ
…
キーはヤカンより目立つか",,,,,,,
"きゃうきゃう（なり）","軽率だ
…
キャウキャウギャル達軽率だ",,,,,,,
"きよし・きよら（なり）","美しい
…
きよしラララ美しい",,,,,,,
"ぐす","連れて行く 〈サ変〉
…
ぐーすか寝たまま連れて行く、サー変",,,,,,,
"くすし","不思議だ
…
くすりしみるー不思議だ",,,,,,,
"くたす","腐らせる,けなす
…
食ったスープは腐っていたとけなす",,,,,,,
