"lay off ~","～を一時解雇する、～をやめる",,,,,,,
"leave out ~","～を落とす、～を省く",,,,,,,
"leave off ~","～をやめる、終わる、やむ",,,,,,,
"put out ~","～(火、明かりなど)を消す
～を怒らせる
～をあわてさせる",,,,,,,
"point out ~","～を指摘する",,,,,,,
"wear out ~","～を疲れさせる",,,,,,,
"fill out ~","～(書類などの空白)に書き込む",,,,,,,
"let out ~","～を外に出してやる
～(秘密など)を口外する
～(洋服など)を大きくする",,,,,,,
"let ~ down","～をがっかりさせる
～を降ろす",,,,,,,
"cross out ~","～を消す",,,,,,,
"rule out ~","～を否定する
～を除外する",,,,,,,
"set out (to~)","出発する
～し始める",,,,,,,
"speak out ~","～をはっきり言う",,,,,,,
"carry away ~","～を運び去る
～を夢中にさせる",,,,,,,
"turn away (~)","顔をそむける
～を退ける",,,,,,,
"call off ~","～を中止する",,,,,,,
"show off ~","～を見せびらかす
目立ちたがる",,,,,,,
"set off ~","～をひき立てる
急に引き起こす
出発する",,,,,,,
"have [take,get] ~ off","～の(期間の）休暇をとる",,,,,,,
"put off ~","～を延期する",,,,,,,
"give off ~","～を発散する",,,,,,,
"tell off ~","～を叱る
～を割り当てる",,,,,,,
"see ~ off","～を見送る",,,,,,,
"break off ~","～(話、約束など）を急に
やめる、中断する",,,,,,,
"cut off ~","～をさえぎる
～を切り離す",,,,,,,
"take in ~","～を理解する
～をだます
～を吸収する",,,,,,,
"take on ~","～を引き受ける
～を帯びる",,,,,,,
"put on ~","～を着る、身につける
～のふりをする",,,,,,,
"put on [gain] weight","体重が増える",,,,,,,
"put on airs","気取る、お高くとまる",,,,,,,
"try on ~","～を着てみる",,,,,,,
"put ~ together","～をまとめる",,,,,,,
"hand down ~","～を(後世に)伝える",,,,,,,
"hand over ~","～を引き渡す
譲り渡す",,,,,,,
"get [put] across ~","～をわからせる",,,,,,,
"hold back ~","～を抑える
ためらう",,,,,,,
"leave ~ behind","～を置き忘れる
～を後に残す",,,,,,,
"show ~ around","～を案内する",,,,,,,
"take aback ~","～をびっくりさせる",,,,,,,
"(can) tell ~ apart","～を識別する、区別する",,,,,,,
"break down ~","(機械などが)故障する、
崩壊する、取り乱す、
～を破壊する",,,,,,,
"break out","(戦争、災害などが)起こる",,,,,,,
"come about","起こる",,,,,,,
"come out","明らかになる
出版される、出てくる
(しみが)抜ける",,,,,,,
"give out ~","尽きる
～を配る",,,,,,,
"hold out ~","持ちこたえる、耐える
～を差し出す",,,,,,,
"hold on","持ちこたえる、
(電話を)きらないでおく",,,,,,,
"stand out","目立つ",,,,,,,
"break up ~","～を分散［解散］させる
分散する
休みになる",,,,,,,
"let up","(雨などが)やむ、弱まる",,,,,,,
"grow up","成長する",,,,,,,
"hurry up","急ぐ",,,,,,,
"sit [stay] up","寝ないで起きている",,,,,,,
"show [turn] up","現れる",,,,,,,
"get along","暮らしていく
仲良くやっていく",,,,,,,
"come along","やって来る
ついて来る",,,,,,,
"go ahead","どうぞそうして下さい、
前へ進んで下さい",,,,,,,
"look out for ~","～に気をつける",,,,,,,
"turn over ~","ひっくり返る
～をひっくり返す
～を譲る",,,,,,,
"set in","(天候などが)始まる",,,,,,,
