"さて(然て)","そのまま・そのほか",,,,,,,
"さながら(然ながら)","そのまま・すべて",,,,,,,
"いま(今)","すぐに・さらに",,,,,,,
"せめて","強いて・ひどく",,,,,,,
"むべ
うべ","なるほど",,,,,,,
"かつ","一方では・すぐに",,,,,,,
"ひねもす(終日)","一日中",,,,,,,
"かまへて","決して・なんとかして",,,,,,,
"あへて(敢へて)","まったく",,,,,,,
"かけて(も)","まったく・決して",,,,,,,
"さだめて(定めて)","きっと",,,,,,,
