"think highly of","〜を重んじる、
高く評価する",,,,,,,
"seek for","〜を求める、〜を捜す",,,,,,,
"worry about,
be worried about","〜のことで心配する",,,,,,,
"translate A into B","AをBに翻訳する",,,,,,,
"relieve A of B","AからBを取り除く",,,,,,,
"substitute A for B","Bの代わりにAを用いる",,,,,,,
"hold good,
hold true","有効だ、当てはまる",,,,,,,
"be prone to do","〜する傾向がある",,,,,,,
"tend to do","〜する傾向がある",,,,,,,
"be inclined to do","〜したい気がする",,,,,,,
"be involved in","〜に夢中になる、
〜に巻き添えになる",,,,,,,
"as regards","〜に関しては",,,,,,,
"in search of","〜を探して、求めて",,,,,,,
"in pursuit of","〜を追って",,,,,,,
"from one's point of view","〜の見地からすれば",,,,,,,
"in danger of","〜の危機で、〜しそうで",,,,,,,
"on the verge of","〜の寸前で、
今にも〜しようとして",,,,,,,
"prior to","〜より前に",,,,,,,
"in accordance with","〜に従って",,,,,,,
"in contrast with","〜とは対照的に",,,,,,,
"along with","〜と共に",,,,,,,
"before long","まもなく、やがて",,,,,,,
"for good,
for ever,
forever","永遠に、永久に",,,,,,,
"as yet","まだ、今までのところでは",,,,,,,
"so far","これまでのところでは",,,,,,,
"with ease","簡単に

（反）with difficulty ",,,,,,,
"beyond description","筆舌に尽くし難い、
言葉では言い表せない",,,,,,,
"in a way,
in a sense","ある点で、ある意味で",,,,,,,
"in detail","詳細に",,,,,,,
"in addition","その上、さらに加えて",,,,,,,
"in need","困った時に、まさかの時に",,,,,,,
"in common","共通の、共通して",,,,,,,
"at random","手当たり次第に、無作為に",,,,,,,
"as usual","いつものように",,,,,,,
"for example,
for instance","例えば",,,,,,,
"and so on,
and so forth","〜など",,,,,,,
