"見る","思う・関係を結ぶ・面倒を見る",,,,,,,
"見す","結婚させる",,,,,,,
"見ゆ","見える・思われる・見せる・結婚する",,,,,,,
"かいまみる(垣間見る)","のぞき見る",,,,,,,
"よばふ(呼ばふ)","呼び続ける・求婚する",,,,,,,
"好く","風流を好む",,,,,,,
"わたる(渡る)","通る・いらっしゃる・続ける・一面に",,,,,,,
"ありく(歩く)","出歩く・まわる・続ける",,,,,,,
"おこなふ(行ふ)","仏道修行をする",,,,,,,
"なやむ(悩む)","病気になる",,,,,,,
"おこたる(怠る)","病気が治る",,,,,,,
"おくる(後る・遅る)","先立たれる",,,,,,,
"ながむ(眺む・詠む)","もの思いに沈む・口ずさむ",,,,,,,
"ときめく(時めく)","寵愛を受ける・栄える",,,,,,,
"かしづく","大切に育てる・大切に世話をする",,,,,,,
"めづ(愛づ)","感嘆する",,,,,,,
"おどろく(驚く)","目を覚ます・気づく",,,,,,,
"こうず(困ず)","疲れる",,,,,,,
"おぼゆ(覚ゆ)","思われる・思い出される・似る",,,,,,,
"聞こゆ","聞こえる・評判になる・分かる",,,,,,,
"まもる
まぼる
(守る)","見つめる",,,,,,,
"たのむ(頼む)","あてにする・あてにさせる",,,,,,,
"かづく(被く)","かぶる・いただく・与える",,,,,,,
"ののしる","大声で叫ぶ・評判になる・羽振りをきかす",,,,,,,
"やる(遣る)","送る・きれない",,,,,,,
"いらふ(答ふ)","答える",,,,,,,
"にほふ(匂ふ)","美しく映える",,,,,,,
"あきらむ(明らむ)","明らかにする",,,,,,,
"ねんず(念ず)","我慢する",,,,,,,
"まうく(設く)","用意する",,,,,,,
"いる(居る・率る)","座る・座っている・連れる",,,,,,,
"具す","伴う・連れる・添える",,,,,,,
"経(ふ)","たつ・通る",,,,,,,
"さる(避る・去る)","避ける・なる",,,,,,,
"ものす(物す)","する・いらっしゃる",,,,,,,
"ならふ(慣らふ・馴らふ)","慣れる・なじむ",,,,,,,
"しのぶ(忍ぶ・偲ぶ)","がまんする・人目につかないようにする・思い出す",,,,,,,
"わぶ(侘ぶ)","困る・嘆く・かねる",,,,,,,
