"in addition to","～に加えて",,,,,,,
"in exchange for","～の代わりに、～と引き換えに",,,,,,,
"in return for","～のお返しに",,,,,,,
"instead of ~ing","～する代わりに、～しないで",,,,,,,
"at the cost of","～を犠牲にして",,,,,,,
"at all costs,
at any cost","ぜひとも、どんな犠牲を
払っても

all+複数形
any+単数形",,,,,,,
"by all means","ぜひとも",,,,,,,
"at any rate","とにかく、いずれにしても",,,,,,,
"at all events","とにかく、いずれにしても

（at any eventはない。）",,,,,,,
"at the risk of","～の危険を冒して",,,,,,,
"run a risk","危険を冒す",,,,,,,
"once in a while","ときどき、たまには",,,,,,,
"once (and) for all","きっぱりと、これを最後に",,,,,,,
"on occasion","ときどき（on）",,,,,,,
"now and then","ときどき",,,,,,,
"at times","ときどき

at a time（一度に、同時に）と区別。",,,,,,,
"ten to one","十中八九、たいてい",,,,,,,
"in any case","どんな場合でも、いずれにしても",,,,,,,
"in time","やがて、間に合って",,,,,,,
"on time","定刻に",,,,,,,
"to the day","一日も違わず、ちょうど

(aでもよい)",,,,,,,
"behind the times","時流に遅れて

〔timesは時代、時勢、時流。〕",,,,,,,
"in advance","あらかじめ、前もって
（beforehand）",,,,,,,
"at one / a time","一度に、同時に

「同時に」ではoneの方が
使用頻度が高い。
「かつては」という意味もある。",,,,,,,
"at the same time","同時に、それでもやはり",,,,,,,
"at all times","常に、いつも",,,,,,,
"at any time","いつでも",,,,,,,
"all at once","突然",,,,,,,
"all of a sudden","突然、出し抜けに

本来、形容詞のsuddenを名詞で使うのはこの熟語においてのみ。",,,,,,,
"right now[away]","今すぐに",,,,,,,
"in no time","すぐに

inは時の経過。
「no timeたって」てこと。",,,,,,,
"on the spot","その場で",,,,,,,
"at present","現在のところ、目下は",,,,,,,
"for the time being","当分の間、さしあたり

beingは形容詞。
「目下の、存在している」",,,,,,,
"for the present","今のところは、さしあたり",,,,,,,
"first of all","まず第一に",,,,,,,
"above all","とりわけ、何よりもまず

文字通り「全ての上にある」",,,,,,,
"in due course","やがて

dueは形容詞「適当な、正当な」。courseは「(時の)経過」。
「時が適当に経過して」",,,,,,,
"sooner or later","遅かれ早かれ",,,,,,,
"more or less","多かれ少なかれ、だいたい",,,,,,,
"by and by","まもなく",,,,,,,
"at length","ついに、詳しく",,,,,,,
"after all","結局、ついに",,,,,,,
"in the long run","長い目で見れば、結局",,,,,,,
"by degrees","だんだん、次第に",,,,,,,
"next to","～の隣に、～の次の
（否定的な語とともに）
ほとんど～",,,,,,,
"something of","ちょっとした～",,,,,,,
"much of","たいした～",,,,,,,
"for sure","確かに",,,,,,,
"beyond one's reach","～の手の届かない、
～の力の及ばない",,,,,,,
"to a ~ degree","〜の程度に",,,,,,,
"to the best of one's ~","〜の及ぶ限り",,,,,,,
"at a distance","ある距離をおいて

in the distance（遠方に）
と区別。",,,,,,,
"at hand","近づいて、手元に

be close at hand
be near at hand
など頻出。",,,,,,,
"come close to ~ing,
come near (to)~ing","今にも～しそうになる",,,,,,,
"all the way","はるばる、途中ずっと",,,,,,,
"to one's face","～の面前で、公然と",,,,,,,
"in many respects","多くの点で

respectは「点、事項」",,,,,,,
"in a word","要するに、一言で言えば",,,,,,,
"in other words","言い換えると",,,,,,,
"in one's opinion","～の意見では、～の考えでは
",,,,,,,
