"take ~ by surprise","～を驚かす、
～の不意を襲う",,,,,,,
"go a long way","大いに効果をあらわす",,,,,,,
"put up with ~","～を我慢する、
～に耐える",,,,,,,
"catch up with ~","～に追いつく",,,,,,,
"keep up with ~","～に遅れないでついていく",,,,,,,
"keep pace with ~","～に遅れをとらない",,,,,,,
"keep abreast with [of] ~","～に(遅れずに)ついていく",,,,,,,
"keep in touch with ~","～と接触［文通、交際］を
続ける",,,,,,,
"get in touch with ~","～と連絡をとる",,,,,,,
"come into [in] contact with ~","～に接触する",,,,,,,
"end (up) with [as, in] ~","最後は～で終わる",,,,,,,
"live up to ~","～に基づいて行動する、
～(期待など)に応える



{liveの発音が違う!}",,,,,,,
"come up to ~","～(期待など)に応える、
～に近づく、～に匹敵する",,,,,,,
"add up to ~","合計～となる、
～を意味する",,,,,,,
"look up to ~","～を尊敬する、敬う",,,,,,,
"look down on ~","～を見下す、軽蔑する",,,,,,,
"go along with ~","～に賛成する、
～と一緒に行く、
～に付随する",,,,,,,
"go through with ~","～をやり遂げる",,,,,,,
"get through with ~","～をやり遂げる(get)",,,,,,,
"be through with ~","～を終える",,,,,,,
"get away with ~","～を持ち逃げする、
～をうまくやる",,,,,,,
"do away with ~","～を廃止する、
～を取り除く",,,,,,,
"go on with ~","～を続ける",,,,,,,
"get along [on] with ~","～の仕事がはかどる、
～とうまくやっていく",,,,,,,
"fit in","適合する、調和する",,,,,,,
"speak ill of ~","～の悪口を言う",,,,,,,
"speak well of ~","～をほめる",,,,,,,
"look forward to ~","～を楽しみにして待つ",,,,,,,
"date back to ~","～にさかのぼる",,,,,,,
"come down (to~)","(～に)伝わる、
落ちぶれる",,,,,,,
"look back on [upon, to] ~","～を回顧する、
～を振り返る",,,,,,,
"come home to ~","～に(とって)痛切に
感じられる",,,,,,,
"get down to ~","～に本気で取り組む",,,,,,,
"settle down to ~","落ち着いて～を始める",,,,,,,
"go in for ~","～(趣味、習慣)をする、
～(競争など)に参加する、
～を好む",,,,,,,
"make up for ~","～の埋め合わせをする、
～を取り戻す",,,,,,,
"stand up for ~","～を支持する、
擁護する",,,,,,,
"put up at ~","～に宿泊する",,,,,,,
"drop [look] in
(on+人、at+場所)","(～に)ちょっと立ち寄る",,,,,,,
"stay away from ~","～を欠席する、
～に近づかない",,,,,,,
"take away ~ (from•••)","(•••から)～を取り去る",,,,,,,
"go out of one's way 
to do •••","わざわざ・・・する",,,,,,,
"consist in ~","～にある、存在する",,,,,,,
"consist of ~","～から成り立っている",,,,,,,
"result in ~","～という結果になる、
～で終わる",,,,,,,
"result from ~","(Sが)～の結果として
生じる",,,,,,,
"attend on ~","～に仕える、
～の世話をする",,,,,,,
"attend to ~","～に注意する、
～に精を出す、
～の世話をする",,,,,,,
"care for ~","～の世話をする、
～が好きだ、
～を欲しがる",,,,,,,
"care about ~","～に関心がある、
～について気にかける",,,,,,,
"get on (~)","暮らしていく、
(～に) 乗る",,,,,,,
"get off (~)","(～から)降りる、出発する
(～を) 逃れる",,,,,,,
"correspond with ~","～と文通する、
～と一致する、
～に調和する",,,,,,,
"correspond to ~","～に相当する、
～と一致する、
～に調和する",,,,,,,
"deal in ~","～を商う、～を扱う",,,,,,,
"deal with ~","～を扱う、処理する
～と取り引きをする",,,,,,,
"agree with ~","～と一致する、同意する
～の体質に合う",,,,,,,
"agree to ~","～(提案や計画など)に
同意する",,,,,,,
"consent to ~","～に同意する",,,,,,,
"come up with ~","～を思いつく
～に追いつく",,,,,,,
