"いまダ ー ず","まだ ー しない(否定)",,,,,,,
"まさニ ー ントす","① 今にも ー しそうだ(推量)
② 今にも ー しようと思う(意志)",,,,,,,
"まさニ ー ベシ","① 当然 ー すべきだ(当然)
② きっと ー だろう(推量)",,,,,,,
"よろシク ー ベシ","ー するのがよい(適当・勧誘)",,,,,,,
"すべかラク ー ベシ","① ー する必要がある(必須)
② ぜひ ー したい(願望)",,,,,,,
"なホ ー ノ・ガごとシ","あたかも ー のようだ(比況)",,,,,,,
"なんゾ ー ざル","どうして ー しないのか(勧誘)",,,,,,,
"ー ず","ー しない",,,,,,,
"ー なシ","ーがない",,,,,,,
"ー ニあらズ","ー ではない",,,,,,,
"ー (コト)なカレ","ーするな",,,,,,,
"あへテ ー ずンバアラず","どうしても ー しないわけにはいかない",,,,,,,
"いまダかつテ ー ずンバアラず","今までに ー しなかったことはない",,,,,,,
"ー ざル(ハ)なシ","ー しないこと(もの)はない",,,,,,,
"ー ニあらザル(ハ)なシ","ーでないこと(もの)はない",,,,,,,
"ー ざルニあらズ","ー しないのではない",,,,,,,
"ー なキニあらズ","ーがないのではない",,,,,,,
"まタ ー ずや","なんと ー ではないか",,,,,,,
"あゲテ ー ベカラず","ー しつくせないほど多い",,,,,,,
"AトシテBざルハなシ","どんなAでもBしないものはない",,,,,,,
"AトなクBトなク","AとBとの区別なく",,,,,,,
"あへテ ー ず","決して ー ない",,,,,,,
"つねニ ー ず","いつも ー しない",,,,,,,
"つねニハ ー ず","いつも ー するとは限らない",,,,,,,
"ー か・や","ー か",,,,,,,
"なんゾ ー <連体形>(や)","どうして ー か",,,,,,,
"なにヲカ ー <連体形>","なにを ー か",,,,,,,
"いづレカ ー <連体形>","どちらが ー か",,,,,,,
"なんすレゾ ー <連体形>","どうして ー か",,,,,,,
"何ヲもっテ(カ) ー <連体形>","どうして ー か",,,,,,,
"なんゾや","どうしてか",,,,,,,
"いづクニカ ー <連体形>","どこに ー か",,,,,,,
"たれカ ー <連体形>","だれが ー か",,,,,,,
"いかん","どのくらいか",,,,,,,
"いかんセン","どうしようか",,,,,,,
"ー ンや","ーだろうか。いや…",,,,,,,
"なんゾ ー ン(や)","どうして ー だろうか。
いや…",,,,,,,
"なにヲカ ー ン(や)","なにを ー だろうか。
いや…",,,,,,,
"たれカ ー ン(や)","だれが ー だろうか。
いや…",,,,,,,
"たれヲカ ー ン(や)","だれを ー だろうか。
いや…",,,,,,,
"いづクニカ ー ン(や)","どこに ー だろうか。
いや…",,,,,,,
"いづクンゾ ー ン(や)","どうして ー だろうか。
いや…",,,,,,,
"あニ ー ン(や)","どうして ー だろうか。
いや…",,,,,,,
"いかんゾ ー ン","どうして ー だろうか。いや…",,,,,,,
"あへテ ー ざラン(や)","どうして ー ないでいられようか。いや…",,,,,,,
"＝ ヲシテ ー しム","＝ に ー (さ)せる",,,,,,,
"＝ ニめいジテ ー シム","＝ に命じて ー (さ)せる",,,,,,,
"ー シム","ー(さ)せる",,,,,,,
"ー る・ー らル","ー れる・ー られる",,,,,,,
"BニA(ラ)ル","BニA(ら)れる",,,,,,,
"AのB(すル)ところトなル","AにB(ら)れる",,,,,,,
"ー (ラ)ル","ー (ら)れる",,,,,,,
"AハCヨリモB","AはCよりもB",,,,,,,
"AハBニしカず","AはBに及ばない",,,,,,,
"AハBニしクハなシ","Aに関してはBにまさるものはない",,,,,,,
"AハCヨリBハなシ","Aに関してはCよりもBなものはない",,,,,,,
"むしロAトモ、B(コト)なカレ","むしろAしても、Bするな",,,,,,,
"Aよリハ、むしロBン・セヨ","Aするよりは、Bするほうがよい",,,,,,,
"AハBニいづレゾ","AはBに比べてどうか(Bのほうがよいのではないか)",,,,,,,
"もシ ＝ バ、 ー","もし ＝ ならば、 ー",,,,,,,
"いやしクモ ＝ バ、 ー","仮にも ＝ ば、 ー",,,,,,,
"＝ といへどモ、 ー","① たとえ ＝ ても、 ー (逆接仮定)
② ＝ だけれど、 ー (逆接確定)",,,,,,,
"たとヒ ＝ トモ、 ー","たとえ ＝ ても、 ー",,,,,,,
"＝ なカリセバ、 ー","＝ がなかったならば",,,,,,,
"＝ しメバ、 ー","① ＝させるならば、 ー
② ＝ ならば、 ー",,,,,,,
"＝ バ、 ー","＝ (すれ)ば、 ー",,,,,,,
"＝ なクンバ、 ーなシ","＝ がなければ、 ーがない",,,,,,,
"ー のみ","① ー だけだ(限定)
② ー だ(強調)",,,,,,,
"たダ ー のみ","ただ ー だけだ",,,,,,,
"ひとり ＝ ノミ ー","ただ ＝ だけど ー",,,,,,,
"ー ノ・ガごとし","ー のようだ",,,,,,,
"(もっテ) ー ベシ","① ー できる(許容)
② ー してよい(許可)",,,,,,,
"(もっテ) ー ベカラず","① ー できない
② ー してはいけない(禁止)",,,,,,,
"ー ヲう","ー できる",,,,,,,
"ー ヲえず","ーできない",,,,,,,
"よク ー","ーできる",,,,,,,
"ー (コト)あたハず","ー できない",,,,,,,
"たダニ ＝ ノミナラず ー","ただ ＝ だけでなく、 ー",,,,,,,
"たダニ ＝ ノミニあらズ、 ー","ただ ＝ だけでなく、 ー",,,,,,,
"＝ スラかツ ー 、いはンヤ … ヲや","＝でさえも ー だ、まして … はなおさらだ",,,,,,,
"AハBたり","AはBである",,,,,,,
"AヲもっテBトなス","① AをBとする
② AをBと思う",,,,,,,
"ー ントほっス","① ー したい(願望)
② ー しそうだ(推量)",,,,,,,
"こフ ー セヨ・ン","どうか ー してください・させてください",,,,,,,
"ー かな","ー (だ)なあ",,,,,,,
"ああ ー かな","ああ ー だなあ",,,,,,,
