"cling to ~","～に固執する、～にくっつく",,,,,,,
"stick to ~","～に固執する、～を固持する
～にくっつく",,,,,,,
"keep to ~","～に従う、～を守る",,,,,,,
"object to ~","～に反対する",,,,,,,
"(1) add to ~
(2) add ~ to •••","(1) ～を増す
(2) ～を•••に足す",,,,,,,
"amount to ~","～に等しい、
～を意味する",,,,,,,
"come to one's senses
come to oneself","本来の自分を取り戻す、
意識を取り戻す
",,,,,,,
"lead to ~
[ li:d ]","～に通じる、
～を引き起こす",,,,,,,
"apologize (to ~) for •••","(～に) •••をわびる、謝る",,,,,,,
"break into ~","～に侵入する [押し入る]、
急に～し始める",,,,,,,
"burst into ~","急に～し始める",,,,,,,
"turn into ~","～に変わる、～になる",,,,,,,
"come into being [ existence ]","出現する、生まれ出る",,,,,,,
"come of age","成人に達する、
大人になる",,,,,,,
"approve of ~","～をよいと認める、
～に賛成する",,,,,,,
"think of ~","～を思い出す、
～を思いつく、
～のことを考える",,,,,,,
"boast of ~","～を自慢する",,,,,,,
"complain of [ about ] ~","～の不平を言う、
～を訴える",,,,,,,
"dispose of ~","～を処理する、
～を処分する",,,,,,,
"take [catch, get] hold of ~","～をつかむ、～を把握する",,,,,,,
"let go of ~","～から手を離す、
～を手放す",,,,,,,
"search for ~","～を捜す、求める",,,,,,,
"send for ~","～を呼びに人を派遣する、
～に来るように頼む",,,,,,,
"call for ~","～を必要とする、
～を呼び求める",,,,,,,
"long for ~","～を切望する( l )",,,,,,,
"yearn for ~","～を切望する(y)",,,,,,,
"hope for ~","～を望む、期待する",,,,,,,
"account for ~","～を説明する、
～の原因となる、
～の割合を占める",,,,,,,
"allow for ~","～を考慮に入れる、
斟酌(しんしゃく)する",,,,,,,
"answer for ~","～に責任を負う",,,,,,,
"provide for ~","～を養う、～に備える",,,,,,,
"make for ~","～に役立つ [寄与する]、
～へ向かって行く",,,,,,,
"make off (away)","急いで去る、
逃げ去る",,,,,,,
"sit for ~","～(試験)を受ける",,,,,,,
"run for ~","～に立候補する",,,,,,,
"count for ~","～だけの価値がある",,,,,,,
"prepare for ~","～に備える",,,,,,,
"wait for ~","～を待つ",,,,,,,
"aim at ~","～をねらう",,,,,,,
"catch at ~","～をつかもうとする",,,,,,,
"be driving at ~","～を意図する、
言おうとする",,,,,,,
"get at ~","～に達する、
～(真実など)を見つける、
～を意味(意図)する",,,,,,,
"live on [ upon ] ~
発音は[ liv ]","～を常食とする、
～で生活する",,,,,,,
"feed on ~","(動物が) ～を常食とする",,,,,,,
"act on [ upon ] ~","～に作用[影響]する、
～に基づいて行動する",,,,,,,
"tell on ~","～に効き目がある、
～に影響する",,,,,,,
"work on ~","～に影響を与える、
～に取り組む",,,,,,,
"wait on [ upon ] ~","～に仕える、
～(客)の用を聞く",,,,,,,
"decide on [ upon ] ~","～に決定する",,,,,,,
"get on one's nerves","～の神経にさわる",,,,,,,
"hit on [ upon ] ~","～を思いつく、考えつく",,,,,,,
"reflect on [ upon ] ~","～を熟考する、
振り返ってみる",,,,,,,
"dwell on [ upon ] ~","～を詳しく述べる、
～をくよくよ考える",,,,,,,
"depend on [ upon ] ~","～に頼る、～を当てにする、
～次第だ（d）",,,,,,,
"rely on [ upon ] ~","～に頼る、～を当てにする（r）",,,,,,,
"count on [ upon ] ~","～に頼る、～を当てにする（c）",,,,,,,
"（1）rest on [ upon ] ~
（2） rest with ~","（1）～に頼る、～次第だ
（2）～に責任がある",,,,,,,
"fall back on [ upon ] ~","～に頼る、～次第だ（f）",,,,,,,
"（1）hang on ~
（2） hang on ( to ~)","（1）～次第である、
電話を切らずにおく
（2）（～に）しがみつく",,,,,,,
"turn to ~","～に頼る、～次第だ（t）",,,,,,,
