"いかで
いかでか","どうして(〜だろうか)【疑問】、どうして(〜だろうか、いや、〜ない)【反語】、なんとかして(〜よう、〜たい、〜てほしい)【意志・自己への願望・他への願望】",,,,,,,
"いかが
いかに","どのように・どうして(〜だろうか)【疑問】、どうして(〜だろうか、いや、〜ない)【反語】、どんなにか(〜だろう)【程度の強調・感嘆】",,,,,,,
"など
などか
などて
なじかは","どうして(〜か)",,,,,,,
"いつしか","いつの間にか、早く(〜たい、〜てほしい)",,,,,,,
"おのづから","たまたま、もしかして",,,,,,,
"なほ(猶)","なんといってもやはり・それでもやはり",,,,,,,
"いとど","ますます",,,,,,,
"げに(実に)","本当に",,,,,,,
"かく
さ
しか","このように　そのように　そのように",,,,,,,
"と","あのように",,,,,,,
"やがて","(ある状態が)そのまま、すぐに",,,,,,,
"すなはち","すぐに",,,,,,,
"やうやう","しだいに",,,,,,,
"やをら
やはら","そっと",,,,,,,
"なかなか","かえって",,,,,,,
"さすがに","そうはいってもやはり、なんといってもやはり",,,,,,,
"かたみに(互に)","互いに",,,,,,,
"うたて","嫌な感じに、異様に怪しく",,,,,,,
"なべて","一般に、並一通り",,,,,,,
"わざと","わざわざ、特に",,,,,,,
"あまた(数多)","たくさん",,,,,,,
"ここら
そこら","たくさん、たいそう",,,,,,,
"え(〜打ち消し)","(〜する)ことができない",,,,,,,
"な〜そ","(〜する)な・(〜し)てはならない",,,,,,,
"おほかた(〜打ち消し)","まったく(〜ない)",,,,,,,
"さらに(〜打ち消し)","まったく(〜ない)",,,,,,,
"世に","まったく(〜ない)、実に",,,,,,,
"たえて(〜ない)","まったく(〜ない)",,,,,,,
"つゆ(〜打ち消し)","少しも(〜ない)",,,,,,,
"ゆめ
ゆめゆめ
(〜打ち消し・禁止)","決して(〜ない)、決して(〜するな)",,,,,,,
"つやつや(〜打ち消し)","まったく(〜ない)",,,,,,,
"をさをさ(〜打ち消し)","ほとんど(〜ない)",,,,,,,
"よも(打ち消し推量)","まさか(〜ないだろう)",,,,,,,
"あなかしこ(〜禁止)","決して(〜するな)",,,,,,,
