"あらまほし","望ましい",,,,,,,
"らうらうじ(労労じ)","巧みだ・上品だ",,,,,,,
"うるせし","賢い・巧みだ",,,,,,,
"はかばかし","しっかりしている・はっきりしている",,,,,,,
"をさをさし(長長し)","しっかりしている",,,,,,,
"さうなし(双無し)","比べるものがない",,,,,,,
"くまなし(隈無し)","陰がない・なんでも知っている",,,,,,,
"ずちなし(術なし)","どうしようもない",,,,,,,
"さがなし","意地が悪い・いたずらだ",,,,,,,
"あいなし","つまらない・なんとなく",,,,,,,
"まさなし","よくない",,,,,,,
"はかなし","頼りない・ちょっとしたことだ",,,,,,,
"こころづきなし","気にくわない",,,,,,,
"あへなし(敢へ無し)","落胆している・はかない",,,,,,,
"おほけなし","身のほど知らずだ",,,,,,,
"よしなし(由無し)","つまらない・関係がない",,,,,,,
"はしたなし","中途半端だ・決まり悪い・そっけない・激しい",,,,,,,
"しどけなし","怠慢だ・気楽だ",,,,,,,
"いぎたなし(寝汚し)","寝坊だ",,,,,,,
"ひとわろし(人悪し)","みっともない",,,,,,,
"いぶせし","うっとうしい・気がかりだ",,,,,,,
"かたはらいたし","苦々しい・気の毒だ・決まり悪い",,,,,,,
"こちたし","うるさい・大げさだ・はなはだしい",,,,,,,
"ねたし(妬し)","くやしい",,,,,,,
"けし(怪し・異し)","異様だ",,,,,,,
"わびし(詫びし)","苦しい",,,,,,,
"こころぐるし(心苦し)","気の毒だ・気がかりだ",,,,,,,
"まだし(未し)","まだ早い",,,,,,,
"さかし(賢し)","優れている・しっかりしている・こざかしい",,,,,,,
"まばゆし","まぶしい・美しい・恥ずかしい・見ていられない",,,,,,,
"かたじけなし(忝し)","おそれ多い・面目ない",,,,,,,
"かしこし(畏し・賢し)","おそれ多い・優れている・都合が良い・はなはだしく",,,,,,,
"しげし(繁し・茂し)","多い",,,,,,,
"すごし(凄し)","気味が悪い・さびしい・すばらしい",,,,,,,
"いたし","すばらしい・ひどい・はなはだしく・それほど",,,,,,,
