"さうざうし","なんとなく寂しい、もの足らない",,,,,,,
"さうなし","簡単だ、またとない、
どうとも決まらない",,,,,,,
"ざえ","学問、漢学",,,,,,,
"さが","ならわし、生まれつきの性質",,,,,,,
"さかし","かしこい、こざかしい、
しっかりしている",,,,,,,
"さがなし","たちがわるい、いたずらだ",,,,,,,
"さきさぎ","以前、将来",,,,,,,
"さくもん","漢詩を作ること",,,,,,,
"さすがに","そうはいってもやはり",,,,,,,
"さだめて","きっと",,,,,,,
"さて","そのままで、そうして",,,,,,,
"さながら","もとのまま、全部
(打ち消しを伴って)まったく",,,,,,,
"さはり","差し支え",,,,,,,
"さはる","邪魔になる、差し支える",,,,,,,
"さはれ","どうにでもなれ、しかし",,,,,,,
"さぶらう・はべり","お仕えする、ございます",,,,,,,
"さやか(なり)","明るい、はっきりしている",,,,,,,
"さゆ","冷え込む、澄み渡る",,,,,,,
"さら(なり)","言うまでもない
(言うもさらなり・言えばさらなり)",,,,,,,
"さらず","避けられない",,,,,,,
"さらぬ","それ以外の、なんでもない",,,,,,,
"さらぬわかれ","死別",,,,,,,
"さらば","それならば",,,,,,,
"さりがたし","捨てておけない",,,,,,,
"さる","相当な、立派な",,,,,,,
"さるは","そうだけれども、そういうわけで",,,,,,,
"さるべき","しかるべき、当然だ、立派だ",,,,,,,
"さわがし","忙しい、騒がしい",,,,,,,
"しか","そう、そのとおり",,,,,,,
"しかじ","～に越したことはない
～に勝るものはない
(しかじ、～には)",,,,,,,
"しかり","そうである、そのとおりである",,,,,,,
"したたむ","食べる、準備をする、治める、
書き記す",,,,,,,
"したりがほ","得意顔",,,,,,,
"しづ","卑しい、身分の低いもの",,,,,,,
"しどけなし","くつろいでいる、だらしない",,,,,,,
"しな","身分、人柄、階段",,,,,,,
"しのぶ","(忍ぶ)人目を避ける、こらえる
(偲ぶ)恋い慕う
",,,,,,,
"しふ","無理強いする、強いる",,,,,,,
"しほたる","泣く、しずくが垂れる",,,,,,,
"しらなみ","盗賊、白く立つ波",,,,,,,
"しる","治める、領有する",,,,,,,
"しるし","はっきりしている、霊験、効き目
(～もしるく)予想通り、～の通り",,,,,,,
"しろしめす","お治めになる、知っていらっしゃる",,,,,,,
"すき","風流だ、",,,,,,,
"すきずきし","もの好きだ、風流だ",,,,,,,
"すくせ","前世からの因縁",,,,,,,
"すくよか(なり)","しっかりしている、ぶっきらぼうだ",,,,,,,
"すごし","気味が悪い、物寂しい、素晴らしい",,,,,,,
"すさび","気まぐれ、もてあそび",,,,,,,
"すさぶ","なぐさめる。盛んに～する",,,,,,,
"すさまじ","興ざめだ、寒々としている",,,,,,,
"すずろ(なり)","なんとなく～だ、思いがけない、
何の関係もない様、やたらに",,,,,,,
"すだく","集まる、(虫や鳥が)鳴く",,,,,,,
"ずちなし","どうしようもない、なすべき方法がない",,,,,,,
"すなわち","すぐに",,,,,,,
"ずは","もし～ないならば",,,,,,,
"すべなし","どうしようもない",,,,,,,
"すまふ","(争ふ)争う、(辞ふ)辞退する",,,,,,,
"すゑ","和歌の下の句、子孫、将来",,,,,,,
"ずんず","(声に出して)読む",,,,,,,
"せうそこ・せうそこ","手紙・訪れること",,,,,,,
"せきあふ","こらえる",,,,,,,
"せち(なり)","ひたすらだ、大切だ",,,,,,,
"せむかたなし","どうしようもない",,,,,,,
"せめて","無理に、強いて",,,,,,,
"そこはかとなし","とくに理由はない",,,,,,,
"そこばく","たくさん、たいそう",,,,,,,
"そしる","非難する、悪口を言う",,,,,,,
"そぞろ(なり)","むやみに、なんとなく、関係がない",,,,,,,
"そのかみ","あのころ、当時",,,,,,,
"そらごと","嘘",,,,,,,
"たいだいし","もってのほかだ、怠惰だ",,,,,,,
"たけし","盛んだ、勇ましい",,,,,,,
"ただ","ひたすら、すぐ、普通だ",,,,,,,
"ただならず","妊娠する、普通ではない",,,,,,,
"たづき","手段",,,,,,,
"だに","せめて～だけでも、～さえ",,,,,,,
"たのむ","あてにする、信頼する、
あてにさせる、頼みに思わせる",,,,,,,
"たばかる","だます、計画を立てる",,,,,,,
"たふ","能力がある、我慢する",,,,,,,
"たぶ","お与えになる、～なさる",,,,,,,
"たへたる","達人の、能力がある",,,,,,,
"たまさか(なり)","たまたまだ",,,,,,,
"たまのを","命、少し、短いことのたとえ",,,,,,,
"たまはる","いただく、くださる",,,,,,,
"たまふ","(ハ四)お与えになる、くださる、～なさる",,,,,,,
"たまふ","(知り、思ひ、見、聞きの下で)
謙譲の意味を表す",,,,,,,
"たまゆら","わずかの間",,,,,,,
"ためし","前例",,,,,,,
"ためらふ","落ち着く、ぐずぐずする",,,,,,,
"たゆむ","油断する",,,,,,,
"たより","ついで、便利、ゆかり、
よるべ、手紙",,,,,,,
"ちぎり","約束、前世からの因縁
男女･夫婦の縁",,,,,,,
"ついで","機会、順番",,,,,,,
"ついゐる","かしこまって座る",,,,,,,
"つかはす","(人を)おやりになる、お与えになる",,,,,,,
"つかまつる","お仕え申し上げる、
～して差し上げる",,,,,,,
"つきかげ","月光",,,,,,,
"つきづきし","似合っている",,,,,,,
"つきなし","似合わない、取り付きようがない",,,,,,,
"つきなみの","毎月の",,,,,,,
"つたなし","まずい、不運だ",,,,,,,
"つつましげ","遠慮がちだ、気が引ける様",,,,,,,
"つつむ","隠す、遠慮する",,,,,,,
"つと","土産、(副詞)さっと、じっと",,,,,,,
"つとめて","早朝、その翌朝",,,,,,,
"つぼ","庭、宮中の部屋",,,,,,,
"つま","端、軒先、きっかけ",,,,,,,
"まったく～ない","つやつや･さらに･すべて･つゆ
･おほかた･あへて･たえて
+打ち消し",,,,,,,
"つらし","薄情だ、耐え難い",,,,,,,
"つれづれ(なり)","手持ち無沙汰だ、暇だ",,,,,,,
"つれなし","よそよそしい、そしらぬ顔だ
関心が深くない、何の変化もない",,,,,,,
"てうず･ちょうず","退治する、料理する",,,,,,,
"てしが(な)、にしが(な)","～したいものだ",,,,,,,
"てづから","自分の手で",,,,,,,
"てふ","～という",,,,,,,
"とが","欠点、犯罪",,,,,,,
"ときめく","寵愛される、時勢にあって栄える",,,,,,,
"とく","早く、すぐに",,,,,,,
"ところえがほ","得意顔",,,,,,,
"ところせし","おおげさだ、窮屈だ、いばっている",,,,,,,
"とし","早い、速い",,,,,,,
"としごろ","長年",,,,,,,
"どち","仲間",,,,,,,
"とぶらふ","訪れる、問う、見舞う",,,,,,,
"とみ(なり)","急だ、急なこと",,,,,,,
"とむ","尋ね求める",,,,,,,
