"やうやう","しだいに",,,,,,,
"やがて","そのまま、すぐに",,,,,,,
"やくと","ひたすら、もっぱら",,,,,,,
"やさし","優美だ、感心だ、けなげだ、つらい",,,,,,,
"やすし","心穏やかだ、気軽だ",,,,,,,
"やすらふ","ためらう、たたずむ、滞在する",,,,,,,
"やつす","出家する、みすぼらしくなる",,,,,,,
"やつる","みすぼらしくなる",,,,,,,
"やはら・やをら","そっと、静かに",,,,,,,
"やまだち","山賊",,,,,,,
"やむごとなし","格別だ、身分が高い、
捨ててはおけない",,,,,,,
"やらむ・やらん","～だろうか",,,,,,,
"やる","心を晴らす、行かせる、届ける",,,,,,,
"やるかたなし","心が晴れない",,,,,,,
"ゆかし","見たい、聞きたい、知りたい",,,,,,,
"ゆくりなし","突然だ",,,,,,,
"ゆふされば・ゆふさる","夕方になる",,,,,,,
"ゆめ～禁止","決して～な",,,,,,,
"ゆゆし","はなはだしい、不吉だ、すばらしい",,,,,,,
"ゆる","認められる",,,,,,,
"ゆゑ","理由、風情、由緒",,,,,,,
"ようせずは","悪くすると",,,,,,,
"よし","そぶり、風情、理由、手段、由緒",,,,,,,
"よし～とも","仮に～とも",,,,,,,
"よしあり","風情がある",,,,,,,
"よしなし","つまらない、理由がない、手段がない",,,,,,,
"よしなしごと","つまらないこと",,,,,,,
"よすが","親類",,,,,,,
"よそふ","比べる、かこつける",,,,,,,
"よのなか","男女の仲、この世、世間",,,,,,,
"よばふ","言い寄る、呼び続ける",,,,,,,
"よも(～じ・まじ)","まさか～ないだろう、しないだろう",,,,,,,
"よもすがら","夜通し",,,,,,,
"よをすつ・よをのがる","出勤する",,,,,,,
"らうあり","慣れている",,,,,,,
"らうがはし","騒がしい、乱雑だ",,,,,,,
"らうたし","かわいい",,,,,,,
"らうらうじ","優雅だ、物慣れて巧みだ",,,,,,,
"らむ","今頃～しているだろう、
どうして～なのだろう、
～ような、～とかいう
",,,,,,,
"れいの","いつもの",,,,,,,
"わく","理解する",,,,,,,
"わくらばに","たまたま",,,,,,,
"わざと","わざわざ、本格的に",,,,,,,
"わたり","辺り",,,,,,,
"わたる","行く、来る、～し続ける、
一面に～する",,,,,,,
"わづらふ","～しかねる、病気になる",,,,,,,
"わびし","つらい",,,,,,,
"わぶ","つらく思う、思い悩む",,,,,,,
"わりなし","むちゃくちゃだ、つらい、仕方がない",,,,,,,
"ゐざる","にじり寄る",,,,,,,
"ゐる","座っている、連れていく",,,,,,,
"｢体言｣+を+形容詞の語幹+み","～が～ので
例:｢瀬をはやみ｣→流れが速いので",,,,,,,
"をかし","趣がある、おかしい、かわいい",,,,,,,
"をこ(なり)","馬鹿げている",,,,,,,
"をさをさ～打ち消し","めったに～ない",,,,,,,
"をさをさし","しっかりしている",,,,,,,
"をしり","かわいい、心残りだ",,,,,,,
"をりふし","場合、ちょうど、季節",,,,,,,
