"be married to","～と結婚している、結婚する",,,,,,,
"be attached to","～に愛着をもっている、
～に所属する

「心が貼り付けられる」",,,,,,,
"be engaged to","～と婚約する、婚約している",,,,,,,
"be engaged in","～に従事している、～で忙しい",,,,,,,
"be opposed to","～に反対である",,,,,,,
"be dressed in","～を着ている",,,,,,,
"be made up of","～から成っている",,,,,,,
"be composed of","～から構成されている、
～からできている",,,,,,,
"be pleased with","～に満足している、
～を気に入っている",,,,,,,
"be bored with","～に退屈する",,,,,,,
"be delighted with","～に喜ぶ",,,,,,,
"be disappointed at","～（物･事）にがっかりする",,,,,,,
"be fed up with","～にうんざりする

「～は食べ飽きている」ということ。",,,,,,,
"be endowed with","～を授けられている",,,,,,,
"be faced with","～に直面する",,,,,,,
"be occupied with","～に従事している、
～で忙しい

「心が～に占領される」",,,,,,,
"as to","～に関しては、～について",,,,,,,
"as for","～について（関して）言えば",,,,,,,
"in respect of,
with respect to","～に関して

respectは「点、関連」",,,,,,,
"in regard to,
with regard to","～に関しては

regardは「点、事項」",,,,,,,
"in relation to","～に関して、～に関連して",,,,,,,
"regardless of","～に関係なく

regardlessは「注意しない、無頓着な」",,,,,,,
"apart from","～は別にして、～はとにかく",,,,,,,
"at the mercy of","～のなすがままで",,,,,,,
"at the sight of","～を見て",,,,,,,
"by means of","～を用いて、～で

meansは｢手段｣",,,,,,,
"by virtue of","～のおかげで

「美徳、長所のおかげで」",,,,,,,
"by way of","～経由で、～として、～のつもりで",,,,,,,
"for fear of","～しないように",,,,,,,
"for want of","～が不足するために",,,,,,,
"for the sake of","～のために（利益・目的）
= for the good of",,,,,,,
"in view of","～から考えて

（注）in the view of
（～の意見によれば）",,,,,,,
"in terms of","～の点から、～の立場で",,,,,,,
"on・・terms with","～と・・の間柄で",,,,,,,
"in the light of","～を考慮して、考慮すると",,,,,,,
"in the course of","～のうちに

courseは「経過、進行」",,,,,,,
"in favor of","～に賛成で、～の利益になるように",,,,,,,
"in honor of","～のために、～に敬意を表して

「～に敬意を表して、～を記念して」",,,,,,,
"in place of","～の代わりに

placeは「立場」",,,,,,,
"in charge of","～を預かって、～の担当の

chargeは「世話、責任」",,,,,,,
"in case of","～の場合は",,,,,,,
"on behalf of","～のために、～に代わって

前置詞はonでもinでもよい。",,,,,,,
"for the benefit of","～のために

「～の利益になるように」というニュアンス。",,,,,,,
"on the ground of","～という理由で

groundは「根拠、理由」",,,,,,,
"on top of","～に加えて、～の上に

theをつけないこと。",,,,,,,
"except for","～を除けば",,,,,,,
"because of","～のために、～のせいで",,,,,,,
"on account of","～の理由で",,,,,,,
"owing to","～が原因で、～のために

「～のおかげで」→「～が原因で」",,,,,,,
"due to","～のために

文頭にも用いられる",,,,,,,
"thanks to","～のおかげで、～のせいで

しばしば皮肉的にも使われる。",,,,,,,
"in spite of","～にもかかわらず

thoughを用いて複文に書き換える問題が多い。",,,,,,,
"in the face of","～に直面して、～にもかかわらず",,,,,,,
"with all","～（を持っている）にもかかわらず

原則として後ろに「所有することができるもの」がくる。",,,,,,,
"in comparison with","～と比較して",,,,,,,
"compared with","～と比べて

toでもよい",,,,,,,
"in proportion to","～に比例して、～の割には",,,,,,,
"in proportion as","～するのに応じて

asは接続詞。後ろにはS＋Vがくる。",,,,,,,
"according to","～によれば、～に応じて",,,,,,,
"for all","～にもかかわらず",,,,,,,
