"あいぎゃう","｢愛敬｣   かわいらしさ、魅力


あいちゃんぎょうさん…",,,,,,,
"あいなし","つまらない、気に食わない、
(あいなく・あいなうの形で)むやみに


愛なしでは…",,,,,,,
"あえか(なり)","きゃしゃだ、弱々しい


あーＡカップ…",,,,,,,
"あかず","｢飽かず｣  物足りない、嫌にならない


あかずの扉じゃ…
赤ずきん着てても…",,,,,,,
"あかなくに","名残惜しい、不満なことだ


赤ん坊泣く泣く煮て食う…",,,,,,,
"あからさま(なり)","ついちょっと、急に


アからサまでは…",,,,,,,
"あからめ","わき見、浮気


あっ、空メール…",,,,,,,
"あかる","｢別る｣  別れる、離れる


あー軽く…",,,,,,,
"あきらむ","｢明らむ｣   明らかにする


あきらのむっつりスケベを…",,,,,,,
"あく","｢飽く｣   満ち足りる、嫌になる

悪魔…",,,,,,,
"あくがる","｢憧る｣  浮かれ出る、憧れる、魂が抜け出る


あー久我ルンルン…",,,,,,,
"あげつらふ","｢論ふ｣  議論する


あげでつらぶつ…",,,,,,,
"あさまし","驚き呆れる、興ざめだ、情けない、話にならない、程度が甚だしい


朝目覚ましに…",,,,,,,
"あさむ","驚く


朝むっつりすけべに…",,,,,,,
"あざる","｢戯る・狂る｣ 
 ふざける、くつろぐ、しゃれている


アザラシルンルン…",,,,,,,
"あし","悪い、下手だ、卑しい

あっしが…",,,,,,,
"あした","朝


あーしたくなる…",,,,,,,
"あそばす","なさる


あーそばかすだらけな",,,,,,,
"あそび","詩歌管弦",,,,,,,
"あだ(なり)","浮気なさま、無駄なさま、はかない


あーだ、…",,,,,,,
"あたらし","｢惜し｣  もったいない、惜しい


あーたらしちゃった…",,,,,,,
"あぢきなし","｢味気無し｣  つまらない、どうしようもない


あっ、磁気なしバンド…",,,,,,,
"あつし","｢篤し｣  危篤だ


あつしのばーちゃん…",,,,,,,
"あて(なり)","｢貴なり｣  身分が高い、上品だ


あてだっせ…
",,,,,,,
"あない(す)","｢案内｣ 取り次ぎ(を頼む)、事情(を知らせる)


あーないない…",,,,,,,
"あながち(なり)","｢強ちなり｣  無理だ、むやみだ


穴が小さくなる、…",,,,,,,
"あなかま","しっ、静かに



あなたもおかま？…",,,,,,,
"あなづらはし","馬鹿にしたくなる


あなたのヅラはしょーもない…",,,,,,,
"あなる","あるようだ


あっなるほど、…",,,,,,,
"あはれ(なり)","しみじみとする、かわいい、立派だ、気の毒だ、ああ


ああ晴れたと…",,,,,,,
"あふ","結婚する


ああふと…",,,,,,,
"あべかり","あるに違いない



阿部狩りに行ったに",,,,,,,
"あへず","耐えられない、～しようとしてもできない


あぁへはずっとは…",,,,,,,
"あへなし","がっかり、どうしようもない


あー変な梨…",,,,,,,
"あへなむ","仕方がない、差し支えない


あー変なムード…",,,,,,,
"あまた","｢数多｣  たくさん


あまった？…",,,,,,,
"あめり","あるらしい


アメリカに…",,,,,,,
"あやし","不思議だ、卑しい、粗末だ


あっヤシの実だ…",,,,,,,
"あやなし","わけがわからない、つまらない
そうする理由がない


あや梨と戦う…",,,,,,,
"あやにく(なり)","｢生憎｣   意地悪だ、都合が悪い


アヤ憎たらしい…",,,,,,,
"あらがふ","｢争ふ｣   言い争う


荒井が二人で…",,,,,,,
"あらたし","｢新たし｣  新しい


あら、確かに…",,,,,,,
"あらぬ","意外な、無関係の


あらヌード…",,,,,,,
"あらは(なり)","丸見えだ


あら半ケツ…",,,,,,,
"あらまし","計画、願望、予期


あらまーしっかりした…",,,,,,,
"あらます","期待する、予定する


あらますっごい…",,,,,,,
"あらまほし","理想的だ、ありたい、あってほしい


あらまー星一徹、",,,,,,,
"あり","生きている、生活する、存在する


アリも…",,,,,,,
"ありありて","生きながらえて、結局


ありありてーへん、",,,,,,,
"ありがたし","めずらしい、生きていくのが困難だ、
すぐれている


アリが足し算してる…",,,,,,,
"ありく","歩き回る、あれこれ～し続ける


アリクイが…",,,,,,,
"ありつる","さっきの


アリとつるんで",,,,,,,
"ありとある","すべての


アリと歩いて、",,,,,,,
"ありもつかず","落ち着かない


アリともちつかず、",,,,,,,
"あるじす","｢饗す｣  ご馳走する


あるじスっと、",,,,,,,
"あるじもうけ","｢饗設け｣   ごちそう


あるじ儲けすぎ、",,,,,,,
"あるは","あるものは、または、もしくは


あるはずだ、",,,,,,,
"あるやうこそは","何か訳があるのだろう


ある夜こそばすからには、",,,,,,,
"あれかにもあらず","ぼうっとしている


あれ、蟹もあーらずっと、",,,,,,,
"いう(なり)","｢優｣  上品だ、すばらしい


優子の唸り声…",,,,,,,
"いかが(は)せむ","どうしようか(疑問)
どうしようか、どうしようもない(反語)


イカが迫ってくる…",,,,,,,
"いかで","なんとかして(願望)、どうして(疑問)
どうして～か、いや～でない(反語)


イカでかいのは、",,,,,,,
"いかめし","｢厳し｣   おごそかだ、盛大だ、激しい


イカ飯…",,,,,,,
"いぎたなし","｢寝汚し｣  ぐっすり眠っている、寝坊である


いびき高い梨、",,,,,,,
"いさ(や)","さあ、どうかな


いさ子や、おいで…",,,,,,,
"いざたまへ","さあ、いらっしゃい


いざ多摩へ、",,,,,,,
"いそぎ","準備


いそぎの",,,,,,,
"いたし","あまりに～すぎる、ひどい、素晴らしい


板野死んだら、",,,,,,,
"いたづら(なり)","無駄である、むなしい、
(いたづらになるで)死ぬ


いたづらしても、",,,,,,,
"いたはし","苦しい、気の毒だ、お世話したい


板野走るの、",,,,,,,
"いちのひと","摂政関白、太政大臣



",,,,,,,
"いつく","大切に育てる


いーつくし",,,,,,,
"いつしか～願望表現","早く


いつ鹿来るの？",,,,,,,
"いづら","どこ


いーづら、",,,,,,,
"いでたつ","出発する、出仕する、出世する


家出たついでに…",,,,,,,
"いと・いたく(いたう)～打ち消し","あまり～ない


…イイと、",,,,,,,
"いとけなし","大人気ない、幼い


伊藤けなしたのは、",,,,,,,
"いとど","ますます、いっそう


いいトド…",,,,,,,
"いとはし","嫌だ


伊藤端っこ…",,,,,,,
"いとふ","嫌う


伊藤婦人は…",,,,,,,
"いとほし","気の毒だ、つらい、かわいい


伊藤氏は…",,,,,,,
"いなぶ","断る、辞退する



いーな、ぶって？",,,,,,,
"いはけなし","子供だ、幼い


言い訳なしよ、",,,,,,,
"いひけつ","悪くいう、否定する


いいけつしてると、",,,,,,,
"いぶかし","気がかりだ、見たい聞きたい知りたい、不審だ


イブ、お菓子が、",,,,,,,
"いうかひなし","つまらない、言うだけの価値がない、
どうしようもない、身分が低い


誘拐無しは、",,,,,,,
"いぶせし","憂鬱だ、不快だ


井伏氏は…",,,,,,,
"いまいまし","不吉な、


今居ましたよ、",,,,,,,
"います","いらっしゃる、おでかけになる、
～ていらっしゃる


いますぐに…",,,,,,,
"いますがり","いらっしゃる、～ていらっしゃる


いー鱒狩りに…",,,,,,,
"いまだし","まだ早い、未熟だ



今ダシ取るの…",,,,,,,
"いまめかし","現代風だ、軽薄だ


今おめかしするのが、",,,,,,,
"いみじ","程度が甚だしい、素晴らしい、ひどい


いいミジンコ",,,,,,,
"いむ","嫌って避ける


井村、",,,,,,,
"いもぬ","寝る


芋ぬくぬく",,,,,,,
"いらふ・いらへ","返事する、答える


イラフ人いらへんでも",,,,,,,
"うきよ","つらい世、俗世間


憂き世は、",,,,,,,
"うけたまはる","お受けする、お聞きする、いただく


うっ！毛に玉張る",,,,,,,
"うし","つらい、情けない


牛になるのは、",,,,,,,
"うしろみ","後見人


後ろで見ている、
",,,,,,,
"うしろめたし","心配だ、気掛かりだ",,,,,,,
"うしろやすし","安心だ",,,,,,,
"うす","死ぬ、消える",,,,,,,
"うたて","ますます、ますますひどく、情けなく",,,,,,,
"うたてあり","いやだ、不愉快だ",,,,,,,
"うたてし","いやだ、情けない",,,,,,,
"うち","宮中、天皇",,,,,,,
"うちつけ(なり)","突然である、軽率である",,,,,,,
"うちとく","気を許す、くつろぐ、油断する",,,,,,,
"うつくし","かわいい、きれいだ、立派だ",,,,,,,
"うつたへに","(下に打消し表現を伴って)
ことさら～ない、決して～ない",,,,,,,
"うつつ","現実、正気",,,,,,,
"うつはもの","才能、容器",,,,,,,
"うつろふ","色褪せる、移り住む、",,,,,,,
"うとし","親しくない、よく知らない",,,,,,,
"うとまし","嫌だ、気味が悪い",,,,,,,
"うへ","天皇",,,,,,,
"うまのはなむけ","送別会",,,,,,,
"うめく","苦吟する",,,,,,,
"うらなし","ざっくばらんだ、心を許している",,,,,,,
"うるさし","面倒だ、嫌味だ、すぐれている",,,,,,,
"うるはし","整っていて美しい、格式張っている",,,,,,,
"うんず","ふさぎこむ、嫌になる",,,,,,,
"え(～ず)","～することができない",,,,,,,
"えさらず","避けられない",,,,,,,
"えならず","なんともいえないほどよい",,,,,,,
"えん(なり)","優美だ、色っぽい、思わせぶり",,,,,,,
"おいらか(なり)","おっとりしている、率直である",,,,,,,
"おきつ","指図する、心に決める、取り計らう",,,,,,,
"おきな・おうな","老人・老女",,,,,,,
"おくる
","取り残される、先立たれる、劣る",,,,,,,
"おこたる","病気が治る、怠ける",,,,,,,
"おこなふ","仏道修行する、勤行する",,,,,,,
"おづ","こわがる",,,,,,,
"おと","評判、便り",,,,,,,
"おとど","大臣",,,,,,,
"おとなし","大人びている、思慮分別がある",,,,,,,
"おとなふ","訪れる、手紙出す、音がする",,,,,,,
"おとなぶ","分別がある、大人になる",,,,,,,
"おどろおどろ","気味が悪い、おおげさだ",,,,,,,
"おどろく","はっとして気づく、目が覚める",,,,,,,
"おのづから","ひょっとして、偶然、自然と",,,,,,,
"おはします","(あり、行く、来の尊敬語)いらっしゃる
(尊敬の補助動詞)～ていらっしゃる",,,,,,,
"おはす","(あり、行く、来の尊敬語)いらっしゃる
(尊敬の補助動詞)～ていらっしゃる",,,,,,,
"おぼえ","(よい)評判、寵愛",,,,,,,
"おほけなし","身分不相応だ、恐れ多い",,,,,,,
"おほす","おっしゃる、命ずる",,,,,,,
"おぼす","お思いになる",,,,,,,
"おぼつかなし","気掛かりだ、ぼんやりしている、不審だ",,,,,,,
"おほとのごもる","お休みになる",,,,,,,
"おほやけ","朝廷、天皇",,,,,,,
"おぼゆ","自然に思われる、思い出す、似ている",,,,,,,
"おぼろげ(なり)","普通だ、(おぼろげならずで)格別だ",,,,,,,
"おもしろし","趣がある、興味深い",,,,,,,
"おもて","顔、面目",,,,,,,
"おもて(を)おこす","名誉を回復する",,,,,,,
"おもて(を)ふす","面目を失わせる、不名誉だ",,,,,,,
"およずく・およすぐ","大人になる、大人びる",,,,,,,
"おろか(なり)","いいかげんだ、未熟だ、言い尽くせない",,,,,,,
"おろす","出家する、退出させる、けなす",,,,,,,
"かきくらす","心を暗くする、あたり一面暗くする",,,,,,,
"かぎり","全部、限度、寿命の限界、死",,,,,,,
"かくる","死ぬ、隠れる",,,,,,,
"かこつ","他のせいにする、嘆く",,,,,,,
"かごと","ぐち、言い訳",,,,,,,
"かし","～ね、～よ。(念押し)",,,,,,,
"かしかまし","やかましい",,,,,,,
"かしこし","畏れ多い、利口だ、非常に",,,,,,,
"かしづく","大切に養い育てる、大切に世話をする",,,,,,,
"かしまし","やかましい",,,,,,,
"かずならず","取るに足らない",,,,,,,
"かずまふ","人並みに扱う",,,,,,,
"かたくな(なり)","見苦しい、物分りが悪い、頑固だ",,,,,,,
"かたし","まれだ、難しい",,,,,,,
"かたち","容貌、外見",,,,,,,
"かたはらいたし","(傍らで見ていて)苦々しい
(傍らの人がどう見るか)気恥ずかしい",,,,,,,
"かたへ","そば、片方",,,,,,,
"かたほ(なり)","不完全だ",,,,,,,
"かたみに","互いに",,,,,,,
"かち","徒歩",,,,,,,
"かつ","一方、すぐに",,,,,,,
"かづく","水中に潜る、(衣服などを)褒美として頂く",,,,,,,
"かど","才能",,,,,,,
"かなし・かなしうす","かわいい、かわいそうだ",,,,,,,
"かまびすし","うるさい",,,,,,,
"かまふ","作る、計画を立てる",,,,,,,
"かまへて","必ず",,,,,,,
"からし","つらい、ひどい、危ない",,,,,,,
"ーがり","～の元へ",,,,,,,
"かりそめ(なり)","ちょっとだけだ、一時的だ",,,,,,,
"かる","離れる",,,,,,,
"かんず","感動する",,,,,,,
"きこゆ","申し上げる、～し申し上げる",,,,,,,
"きは","身分、程度、場合",,,,,,,
"きはやか(なり)","目立っている",,,,,,,
"きゃうきゃう(なり)","軽率だ",,,,,,,
"きよし・きよら(なり)","美しい",,,,,,,
"ぐす","連れ立つ、連れていく、添える、",,,,,,,
"くすし","不思議だ、",,,,,,,
"くたす","腐らせる、けなす",,,,,,,
"くちをし","残念だ、つまらない",,,,,,,
"くつ","腐る、死ぬ、すたれる",,,,,,,
"くまなし","抜け目が無い、かげりがない",,,,,,,
"くもゐ","皇居",,,,,,,
"くんず","ふさぎこむ",,,,,,,
"けいす・そうす","申し上げる",,,,,,,
"けう(なり)","珍しい",,,,,,,
"けうとし","うとましい、気味が悪い",,,,,,,
"けうら(なり)","美しい、",,,,,,,
"けさう","恋い慕うこと",,,,,,,
"けし","あやしい、異様だ、",,,,,,,
"けしうはあらず","悪くない、相当なものだ",,,,,,,
"けしからず","不都合だ、異様だ",,,,,,,
"けしき","様子、趣、機嫌",,,,,,,
"けしきばむ","気取る、様子が外に現れる",,,,,,,
"けつ","けなす、消す",,,,,,,
"けに","いよいよ",,,,,,,
"げに","なるほど、本当に",,,,,,,
"けむ","～ただろう、なぜ～たのだろう、～たような",,,,,,,
"けやけし","目立っている、こしゃくな",,,,,,,
"こうず","疲れる、困る",,,,,,,
"ここのへ","宮中",,,,,,,
"ここら・そこら","たくさん、ひどく、たいそう",,,,,,,
"こころあり","思いやりがある、風流心がある、
ものの道理がわかる",,,,,,,
"こころうし","つらい、不快だ",,,,,,,
"こころぐるし","気の毒だ、気掛かりだ",,,,,,,
"こころざし","愛情、心を向けること、贈り物、供養",,,,,,,
"こころづきなし","気に食わない",,,,,,,
"こころづくし","あれこれと物を思う",,,,,,,
"こころなし","思いやりがない、風流心がない、ものの道理を解さない",,,,,,,
"こころにくし","奥ゆかしい、恐るべきだ、不審だ",,,,,,,
"こころばへ","気立て、心遣い、趣",,,,,,,
"こころまうけ","準備",,,,,,,
"こころもとなし","不安だ、待ち遠しい、ぼんやりしている",,,,,,,
"こころゆく","満足する、晴れ晴れする",,,,,,,
"こしらふ","なだめる、とりつくろう",,,,,,,
"こそ～已然形、","～けれども、～のに",,,,,,,
"こぞ","去年",,,,,,,
"こちたし","おおげさだ、わずらわしい",,,,,,,
"こちなし","無骨だ、無作法だ",,,,,,,
"ことうけ","口先だけの承諾",,,,,,,
"ことごとし","おおげさだ",,,,,,,
"ことさむ","興醒める",,,,,,,
"ことなしび・ことなしぶ","素知らぬ振りをする(こと)",,,,,,,
"ことのは","和歌、言葉",,,,,,,
"ことわり(なり)","ものの道理、わけ、当然である",,,,,,,
"こぼつ","壊す",,,,,,,
"こまやかなり","詳しい、上品で、愛情が深い",,,,,,,
"こよなし","格別だ、この上ない",,,,,,,
