"take place","起こる、催される",,,,,,,
"take one's place","～の代わりをする",,,,,,,
"take pains","苦労する、骨を折る",,,,,,,
"take the trouble to do","わざわざ～する",,,,,,,
"have difficulty (in) doing","～するのに苦労する",,,,,,,
"take the liberty of doing","勝手に～する",,,,,,,
"take to one's heels","逃げる",,,,,,,
"get to one's feet","立ち上がる",,,,,,,
"mind one's own business","余計な口出しをしない",,,,,,,
"kill time","時間をつぶす、暇つぶしをする",,,,,,,
"behave oneself","行儀良くする",,,,,,,
"shake hands with","～と握手する",,,,,,,
"pull one's leg","～をからかう",,,,,,,
"come to light","明るみに出る",,,,,,,
"have nothing to do with","～とは何の関係もない",,,,,,,
"have it that","～であるという、主張する",,,,,,,
"enjoy oneself","楽しく過ごす",,,,,,,
"leave nothing to be desired","申し分ない",,,,,,,
"give A a call","Aに電話をかける",,,,,,,
"drop A a line","Aに手紙を書き送る",,,,,,,
"call it a day","（1日の仕事を）終わりにする",,,,,,,
"cut it out","（くだらない冗談や騒ぎなどを）
やめる",,,,,,,
"come true","実現する、本当になる",,,,,,,
"go wrong with","～が故障する、～が失敗する",,,,,,,
"make sure of","～を確かめる",,,,,,,
"take it easy","ゆっくりやる、休養をとる",,,,,,,
"go too far","行きすぎる、言いすぎる",,,,,,,
"serve A right","Aには自業自得である、
当然の報いである",,,,,,,
"be sure to do","きっと～する",,,,,,,
"be sure of","～を確信する",,,,,,,
"be afraid to do","怖くて～する気になれない",,,,,,,
"be ashamed of","～を恥じている",,,,,,,
"be anxious to do","～することを切望する",,,,,,,
"be anxious for","～を切望する",,,,,,,
"be anxious about","～を心配している",,,,,,,
"be bound to do","～する責任がある、
きっと～する",,,,,,,
"be content with","～に満足している",,,,,,,
"be curious about","～を知りたがる、詮索好きだ",,,,,,,
"be eager to do","～したがっている、
～するのに熱心だ",,,,,,,
"be ready to do","～する用意ができている、
喜んで～する",,,,,,,
"be apt to do","（a）～する傾向がある、
～しがちだ",,,,,,,
"be liable to do","（l）～しそうだ、
～する傾向がある",,,,,,,
"be liable for","～に責任がある",,,,,,,
"be likely to do","～しそうだ",,,,,,,
"be willing to do","～することをいとわない、
快く～する",,,,,,,
"be reluctant to do","～するのに気が進まない",,,,,,,
"be compelled to do","（c）～せざるを得ない、
やむを得ず～する",,,,,,,
"be forced to do","（f）～せざるを得ない、
やむを得ず～する",,,,,,,
"be obliged to do","（o）～せざるを得ない、
やむを得ず～する",,,,,,,
"be cut out for","～に向いている",,,,,,,
"be to blame","責任がある",,,,,,,
"be entitled to do","～する資格がある",,,,,,,
"be conscious of","（c）～に気づいている、
～を知っている",,,,,,,
"be aware of","（a）～に気づいている、
～を知っている",,,,,,,
"be ignorant of","～を知らない",,,,,,,
"be considerate of","～に思いやりのある",,,,,,,
"be capable of","～できる",,,,,,,
"be proud of","～を自慢する、
誇っている",,,,,,,
"be worthy of","～の価値がある",,,,,,,
"be guilty of","～の罪がある",,,,,,,
