"plenty of","たくさん",,,,,,,
"make a choice","選択する",,,,,,,
"look after","の世話をする",,,,,,,
"in the world","一体全体（疑問詞の後に置いて）",,,,,,,
"be in charge of","を管理［担当］している",,,,,,,
"as for","について（言うと）",,,,,,,
"amount to","に達する",,,,,,,
"put pressure on","を圧迫する",,,,,,,
"be in good health","健康である",,,,,,,
"be free from","を免れている
がない",,,,,,,
"act on","に基づいて行動する",,,,,,,
"as the saying goes","ことわざにもあるように",,,,,,,
"to the full","十分に",,,,,,,
"take a chance","思い切ってやってみる",,,,,,,
"in youth","若い頃",,,,,,,
"in the end","結局は",,,,,,,
"in regard to","に関して",,,,,,,
"point out","を指摘する",,,,,,,
"put ~ to use","を利用する",,,,,,,
"consist of","から成る",,,,,,,
"be inclined to","する傾向がある",,,,,,,
"associate A with B","AでBを連想する",,,,,,,
"all the time","いつも",,,,,,,
"in reality","実際には",,,,,,,
"live up to","（期待など）に添う",,,,,,,
"not a few","かなり多くの",,,,,,,
"be derived from","に由来する",,,,,,,
"rest on","に基づく",,,,,,,
"in obedience to","に従って",,,,,,,
"in practice","実際に",,,,,,,
"account for","を説明する",,,,,,,
"give way to","に降参する",,,,,,,
"be concerned about","を心配している",,,,,,,
"for one thing 〜;for another","一つには〜であり、一つには…である",,,,,,,
"take away","を奪い去る",,,,,,,
"result in","という結果になる",,,,,,,
"figure out","を理解する",,,,,,,
"respond to","に答える",,,,,,,
"take the initiative in … ing","率先して…する",,,,,,,
"do with","を扱う",,,,,,,
"be conditioned to","に慣れている",,,,,,,
"in particular","特に",,,,,,,
"have an impact on","に影響を与える",,,,,,,
"get used  to …ing
get accustomed to …ing","に慣れる",,,,,,,
"sympathize with","に同情する",,,,,,,
"pass through","を経験する",,,,,,,
"be sure to","必ず…する",,,,,,,
"be involved in","に巻き込まれる",,,,,,,
"result from","〜から（結果として）生じる",,,,,,,
"look to","に目を向ける",,,,,,,
"be willing to","…するのをいとわない",,,,,,,
"find fault with","のあらを探す",,,,,,,
"speak ill of","の悪口を言う",,,,,,,
"what we call","いわゆる",,,,,,,
"in short","要するに",,,,,,,
"as a whole","全体として",,,,,,,
"enter into","を始める",,,,,,,
"in turn","次に、順番に",,,,,,,
"pull up","車を止める",,,,,,,
"get out of","から出る",,,,,,,
"look into","を調べる",,,,,,,
"pass by","通り過ぎる",,,,,,,
"at a loss","途方に暮れて",,,,,,,
"in the dark","暗がりで、秘密に",,,,,,,
"at length","ついに",,,,,,,
"at the sight of","を見て",,,,,,,
"break down","故障する",,,,,,,
"take a look at","を見る",,,,,,,
"as a token of","の印に",,,,,,,
"for one's part","自分としては",,,,,,,
"dream of","夢にも〜を思う（否定文で）",,,,,,,
"lend 〜 a hand","に手を貸す",,,,,,,
"same to you","あなたも（同じように）",,,,,,,
"anything but","決して〜ではない",,,,,,,
"take charge of","を担当する",,,,,,,
"hand over","を手渡す",,,,,,,
"rob A of B","AからBを奪う",,,,,,,
"trust A to B","BにAを預ける",,,,,,,
"be worthy of","に値する",,,,,,,
"stand out","目立つ",,,,,,,
"put 〜 aside","を取っておく",,,,,,,
"make sure that","…であることを確かめる",,,,,,,
"a man of","〜な人",,,,,,,
"draw out","を引き出す",,,,,,,
"at a time","一度に",,,,,,,
"a good many","かなり多くの",,,,,,,
"be anxious about","を心配している",,,,,,,
"in terms of","の点から",,,,,,,
"have something to do with","と何らかの関係がある",,,,,,,
"of late","最近",,,,,,,
"as follows","次の通り",,,,,,,
"lead to","を引き起こす",,,,,,,
"from time to time","時々",,,,,,,
"as a rule","概して",,,,,,,
"and yet","それにもかかわらず",,,,,,,
"go out","消える",,,,,,,
"by oneself","ひとりでに",,,,,,,
"by degrees","徐々に",,,,,,,
"in a panic","慌てふためいて",,,,,,,
"cry for","を求めて叫ぶ",,,,,,,
"beside oneself with","我を忘れて",,,,,,,
"at any moment","今にも",,,,,,,
"jump at","に飛びつく",,,,,,,
"fall off","落ちる",,,,,,,
"come to one's senses","意識を取り戻す",,,,,,,
"be reluctant to","いやいや…する",,,,,,,
"fall in love with","に恋をする",,,,,,,
"be against","に反対である",,,,,,,
"throw oneself into","に身を投げる",,,,,,,
"at the back of","の後ろで",,,,,,,
"be a match for","と対等である",,,,,,,
"make a difference","重要である",,,,,,,
"identify A with B","AをBと同一視する",,,,,,,
"by contrast","対照的に",,,,,,,
"a small amount of","少量の",,,,,,,
"have an influence on","に影響を与える",,,,,,,
"fill up","満杯になる",,,,,,,
"go on","続く",,,,,,,
"go by","経過する",,,,,,,
"fade away","次第に消え失せる",,,,,,,
"push forward","を前面に押し出す",,,,,,,
"boast of","を自慢する",,,,,,,
"show off","を見せびらかす",,,,,,,
"major in","を専攻する",,,,,,,
"look down on","を軽蔑する",,,,,,,
"separate A from B","AをBと分ける",,,,,,,
"come to an end","終わる",,,,,,,
"persuade O into …ing","Oに…するよう説得する",,,,,,,
"persuade O out of …ing","Oに…しないよう説得する",,,,,,,
"impose A on B","AをBに押し付ける",,,,,,,
"break out","突然起こる",,,,,,,
"make up one's mind to","…する決心をする",,,,,,,
"starve to death","飢え死にする",,,,,,,
"calm down","静まる",,,,,,,
"take part in","に参加する",,,,,,,
"on foot","徒歩で",,,,,,,
"along with","と一緒に",,,,,,,
"by and large ","概して",,,,,,,
"from A to Z","何から何まで",,,,,,,
"dedicate oneself to","に専念する",,,,,,,
"to the best of one's knowledge","〜の知る限り",,,,,,,
"drop out of","から脱落する",,,,,,,
"expect A of B","BにAを期待する",,,,,,,
"be independent of","から独立している",,,,,,,
"get along","暮らしていく",,,,,,,
"on one's own","一人で",,,,,,,
"in the face of","に直面して",,,,,,,
"check into","に入る",,,,,,,
"consent to","に同意する",,,,,,,
"on the spot","その場で",,,,,,,
"according to","によると",,,,,,,
"be anxious for","を切望している",,,,,,,
"pass away","亡くなる",,,,,,,
"owing to","のために",,,,,,,
"be on the books","登録されている",,,,,,,
"recover from","から回復する",,,,,,,
"place emphasis on","を強調する",,,,,,,
"take 〜 into consideration","を考慮する",,,,,,,
"talk over","をよく話し合う",,,,,,,
"from now on","今後は",,,,,,,
"under way","進行中で",,,,,,,
"in no time","すぐに",,,,,,,
"little by little","徐々に",,,,,,,
"step by step","一歩一歩",,,,,,,
"get at","を意味する",,,,,,,
"turn down","を拒絶する",,,,,,,
"in the negative","否定的に",,,,,,,
"refrain from","を控える",,,,,,,
"react to","に反応する",,,,,,,
"agree to","に同意する",,,,,,,
"at face value","真（ま）に",,,,,,,
"make a point of …ing","必ず…することにしている",,,,,,,
"on purpose","故意に",,,,,,,
"for the sake of","のために",,,,,,,
"for fear of …ing","…しないように",,,,,,,
"a man of few words","口数の少ない人",,,,,,,
"keep one's word","約束を守る",,,,,,,
"long for","を熱望する",,,,,,,
"as is often the case with","にはよくあることだが",,,,,,,
"leave out","を省く",,,,,,,
"in return for","のお礼に",,,,,,,
"keep on …ing","…し続ける",,,,,,,
"be cut out for","に適している",,,,,,,
"inquire after","を見舞う",,,,,,,
"attend to","の世話をする
に注意する",,,,,,,
"turn off","消す",,,,,,,
"see forth［out］","出かける",,,,,,,
"take after","に似ている",,,,,,,
"mistake A for B","AをBと間違える",,,,,,,
"on occasion","時々",,,,,,,
"by all means","何としても",,,,,,,
"bring A home to B","BにAを痛感させる",,,,,,,
"get across A to B","AをBにわからせる",,,,,,,
"word for word","一語一語",,,,,,,
"in a word","一言で言えば",,,,,,,
"be dying to","…したくてたまらない",,,,,,,
"for a change","気分転換に",,,,,,,
"make fun of","をからかう",,,,,,,
"in the presence of","の前で",,,,,,,
"be tired of","にうんざりしている",,,,,,,
"live from hand to mouth","その日暮らしをする",,,,,,,
"keep in touch with","と連絡を取る",,,,,,,
"in private","個人的に",,,,,,,
"turn up","現れる",,,,,,,
"burst into","（突然）し出す",,,,,,,
"participate in","に参加する",,,,,,,
"come up with","を思いつく",,,,,,,
"one after another","次から次へと",,,,,,,
"name 〜 A after B","Bにちなんで〜にAと名付ける",,,,,,,
"catch on","流行する",,,,,,,
"turn out to","することが判明する",,,,,,,
"fall on","に当たる",,,,,,,
"make oneself at home","くつろぐ",,,,,,,
"help oneself to","を自由に取って食べる",,,,,,,
"bring up","を育てる
を話題に持ち出す",,,,,,,
"call for","を必要とする
を呼び止める",,,,,,,
"be sensitive to","に敏感である",,,,,,,
"stay away from","に気づかない
を欠席する",,,,,,,
"get through with","をやり遂げる",,,,,,,
"end up with","（結局は）〜で終わる",,,,,,,
"be hard on","につらく当たる",,,,,,,
"at first","最初は",,,,,,,
"have every reason to","するのももっともだ",,,,,,,
"hold one's tongue","黙る",,,,,,,
"die of","で死ぬ",,,,,,,
"give in to","に屈する
を提出する",,,,,,,
"set about","を始める",,,,,,,
"correspond with","と文通する
と一致する",,,,,,,
"have one's own way","自分の思い通りにする",,,,,,,
"resort to","に訴える
に頼る",,,,,,,
"on the contrary","それどころか",,,,,,,
"to the point","要領を得て",,,,,,,
"bound for","行きの",,,,,,,
"by way of","経由で",,,,,,,
"blame A for B","BのことでAを責める",,,,,,,
"scold A for B","BのことでAを叱る",,,,,,,
"hand in","を提出する",,,,,,,
"equip A with B","AにBを備え付ける",,,,,,,
"next to","ほとんど",,,,,,,
"hope for","を望む",,,,,,,
"keep company with","と交際する",,,,,,,
"have faith in ","を信用する",,,,,,,
"keep 〜 to oneself","を秘密にしておく",,,,,,,
"know better than to","するほどバカではない",,,,,,,
"have to","しなければならない",,,,,,,
"take leave of","に別れを告げる",,,,,,,
"right away","すぐに",,,,,,,
"discourage O from …ing","Oが…するのを思いとどまらせる",,,,,,,
"run for","に立候補する",,,,,,,
"sooner or later","遅かれ早かれ",,,,,,,
"come to light","明らかになる",,,,,,,
"make believe to","するふりをする",,,,,,,
"in favor of","に賛成して",,,,,,,
"seek for","を探す",,,,,,,
"be suitable for","に適している",,,,,,,
"against one's will","の意思に反して",,,,,,,
"How come …？","どうして…なのか？",,,,,,,
"stand up for","を支持する",,,,,,,
"be indifferent to","に無関心である",,,,,,,
"for［with］all ","にもかかわらず",,,,,,,
"be eager for","を熱望している",,,,,,,
"by far","ずばぬけて",,,,,,,
"second to none","右に出るものはいない",,,,,,,
"be curious about","を知りたいと思う",,,,,,,
"make oneself understood","自身を理解してもらう",,,,,,,
"be equivalent to","に相当する",,,,,,,
"attribute A to B","AをBのせいにする",,,,,,,
"in detail","詳しく",,,,,,,
"face to face","面と向かって",,,,,,,
"in effect","実際は",,,,,,,
"be at home in","に精通している",,,,,,,
"leave 〜 behind","を置き忘れる",,,,,,,
"order A from B","AをBに注文する",,,,,,,
"in a minute","すぐに",,,,,,,
"be grateful to A for B","BについてAに感謝する",,,,,,,
"put forth","を出す
を発表する",,,,,,,
"out of sight","見えないところに",,,,,,,
"all of a sudden","突然",,,,,,,
"come true","実現する",,,,,,,
"in the long run","結局は
長い目で見れば",,,,,,,
"for the life of","どうしても（否定文で）",,,,,,,
"go bankrupt","破産する",,,,,,,
"by the way","ところで",,,,,,,
"lay off","を解雇する",,,,,,,
"for a rainy day","まさかの時に備えて",,,,,,,
"in honor of","に敬意を表して
のために",,,,,,,
"congratulate A on B","BのことでAを祝う",,,,,,,
"see nothing of","をまったく見かけない",,,,,,,
"become of","はどうなるのだろうか",,,,,,,
"There is something 〜 about","にはどこか〜なところがある",,,,,,,
"beyond words","言葉では言い表せない",,,,,,,
"apologize to A for B","BのことでAに謝る",,,,,,,
"send for","を呼びにやる",,,,,,,
"forgive A for B","Bに対してAを許す",,,,,,,
"warn A of B","BをAに警告する",,,,,,,
"on the ground that","という理由で",,,,,,,
"keep to","に従う",,,,,,,
"have had enough of","はもうたくさんである",,,,,,,
"eat up","を食べ尽くす",,,,,,,
"gain［put on］ weight","体重が増える",,,,,,,
"for sure［certain］","確かに、きっと",,,,,,,
"be envious of","をうらやむ",,,,,,,
"speak out［up］","思い切って意見を言う
大声で話す",,,,,,,
"in public","人前で",,,,,,,
"once and for all","きっぱりと",,,,,,,
"make sense","意味を成す
を理解する",,,,,,,
"ring［call］up","に電話をかける",,,,,,,
"hold on","電話を切らないでおく
がんばる",,,,,,,
"hang up","電話を切る",,,,,,,
"something of","ちょっとした",,,,,,,
"behind the times","時代遅れの",,,,,,,
"adjust oneself to","に適応する
に慣れる",,,,,,,
"before long","やがて",,,,,,,
"up to","次第で
の責任で",,,,,,,
"be confident of","を確信している",,,,,,,
"help A with B","AのBを手伝う",,,,,,,
"in earnest","熱心に",,,,,,,
"arrange for","の準備をする",,,,,,,
"in one's place","の代わりに",,,,,,,
"be particular about","について好みがうるさい",,,,,,,
"try on","を試着する",,,,,,,
"keep away from","から離れている",,,,,,,
"get rid of","を取り除く",,,,,,,
"blow up","爆発する
起こる",,,,,,,
"on the go","（常に忙しく）活動中で",,,,,,,
"make for","に役立つ
へ向かっていく",,,,,,,
"bring oneself to","する気になる",,,,,,,
"count on","に頼る
次第である",,,,,,,
"let 〜 down","をがっかりさせる
を降ろす",,,,,,,
"tell off","を叱る",,,,,,,
"run into［across］","に偶然出会う",,,,,,,
"remember A to B","BにAのことをよろしくと伝える",,,,,,,
"take turns in …ing","交替で…する",,,,,,,
"put away","を片付ける",,,,,,,
"in the way","邪魔になって",,,,,,,
"take on","を引き受ける",,,,,,,
"regardless of","に構わず",,,,,,,
"between ourselves","内緒にして",,,,,,,
"keep early hours","早寝早起きする",,,,,,,
"take it easy","気楽にやる
休養を取る",,,,,,,
"lose one's temper","かんしゃくを起こす",,,,,,,
"be occupied with","で忙しい
に従事している",,,,,,,
"ask a favor of ","にお願いする",,,,,,,
"sit［stay］up ","夜更かしをする",,,,,,,
"in succession","連続して",,,,,,,
"wear out","を疲れさせる",,,,,,,
"out of control","制御できなくて",,,,,,,
"in the meantime ","その間に",,,,,,,
"at the cost［price］of","を犠牲にして",,,,,,,
"put 〜 into practice","を実行する",,,,,,,
"break into","に押し入る
急に〜し始める",,,,,,,
"have 〜 to oneself","を独占する",,,,,,,
"on fire","燃えている",,,,,,,
"come near［close］ …ing","今にも…しそうである",,,,,,,
"burn down","焼け落ちる",,,,,,,
"settle down","落ち着く",,,,,,,
"be jealous of","を妬む",,,,,,,
"hand in hand","手を取り合って",,,,,,,
"on board","搭乗して",,,,,,,
"take off","離陸する
を脱ぐ
を取り去る",,,,,,,
"in the light of","を考慮して",,,,,,,
"lose no time …ing","すぐに…する",,,,,,,
"sell out","売り切れる",,,,,,,
"not more than","せいぜい",,,,,,,
"object to","に反対する",,,,,,,
"stand by","の味方をする",,,,,,,
"rely on","に頼る",,,,,,,
"show up","現れる",,,,,,,
"on duty","勤務中で",,,,,,,
"take 〜 by surprise","（不意をついて）を驚かせる",,,,,,,
"show 〜 around","〜に…を案内する",,,,,,,
"take up","を始める
を占める",,,,,,,
"make out","を理解する",,,,,,,
"none of one's business","余計なお世話",,,,,,,
"think over","についてよく考える",,,,,,,
"pass on A to B","AをBに伝える",,,,,,,
"on one's guard","用心して",,,,,,,
"address oneself to","に話しかける",,,,,,,
"in the air","広まって
空中に",,,,,,,
"be certain［sure］of","を確信している",,,,,,,
"accuse A of B","BのことでAを非難する",,,,,,,
"out of date","時代遅れの",,,,,,,
"keep good time","（時計が）正確である",,,,,,,
"out of order","故障して",,,,,,,
"get the better of","に打ち勝つ",,,,,,,
"yield to","に敗れる",,,,,,,
"look up to","を尊敬する",,,,,,,
"be considerate of","に対して思いやりがある",,,,,,,
"put an end to","を終える",,,,,,,
"be free to","自由に…する",,,,,,,
"indulge in","にふける",,,,,,,
"for nothing","ただで
むだに",,,,,,,
"in exchange of","と引き換えに",,,,,,,
"succeed to","を継ぐ",,,,,,,
"get over","を克服する",,,,,,,
"at any cost","ぜひ
どんな犠牲を払っても",,,,,,,
"turn a deaf ear to","に耳を貸さない",,,,,,,
"allow for","を考慮に入れる",,,,,,,
"be ashamed of","を恥じている",,,,,,,
"leave nothing to be desired","まったく申し分ない",,,,,,,
"brush up","をやり直す
に磨きをかける",,,,,,,
"leave for","へ出発する",,,,,,,
"in haste","急いで",,,,,,,
"catch up with","に追いつく",,,,,,,
"dispose of","を処理する",,,,,,,
"at first hand","直接",,,,,,,
"drop 〜 a line","に一筆書き送る",,,,,,,
"to the effect that","という主旨で",,,,,,,
"call off","を中止する",,,,,,,
"be about to","（まさに）…しようとしている",,,,,,,
"take［catch/get］hold of","をつかむ
を把握する",,,,,,,
"keep an eye on","に目を離さずにいる",,,,,,,
"cure A of B","AのBを治す",,,,,,,
"relieve A of B","AからBを取り除く",,,,,,,
"at least","少なくとも",,,,,,,
"set 〜 free","を解放する",,,,,,,
"in harmony with","と仲良く",,,,,,,
"pull［make］a face","いやな顔をする",,,,,,,
"in one's company","と一緒にいる",,,,,,,
"have an eye for","に対する鑑識眼がある",,,,,,,
"go through with","をやり遂げる",,,,,,,
"by halves","中途半端に",,,,,,,
"on one's part","の方では",,,,,,,
"ascribe A to B","AをBのせいにする",,,,,,,
"as good as","ほとんど〜も同然",,,,,,,
"be possessed of","を所有している",,,,,,,
"be disappointed at［with/in］","に失望している",,,,,,,
