"roll","ころがる",,,,,,,
"luck","運",,,,,,,
"nevertheless","それにもかかわらず",,,,,,,
"sum","合計",,,,,,,
"soul","魂",,,,,,,
"spirit","精神",,,,,,,
"insight","洞察力",,,,,,,
"infinite","無限の",,,,,,,
"numerous","多数の",,,,,,,
"discipline","訓練、規律",,,,,,,
"instant","即刻",,,,,,,
"bond","きずな、債券",,,,,,,
"cultivate","を耕す",,,,,,,
"biology","生物学",,,,,,,
"peculiar","奇妙な",,,,,,,
"flavor","風味",,,,,,,
"otherwise","そうでなければ",,,,,,,
"lift","を持ち上げる",,,,,,,
"breed","を育てる",,,,,,,
"grandchild","孫",,,,,,,
"grand","壮大な",,,,,,,
"cousin","いとこ",,,,,,,
"address","住所
〜に話しかける",,,,,,,
"lecture","講義",,,,,,,
"bill","請求書、法案",,,,,,,
"alien","外国人、宇宙人",,,,,,,
"domestic","国内の",,,,,,,
"countless","無数の",,,,,,,
"counterpart","片方",,,,,,,
"calculate","計算する",,,,,,,
"familiar","おなじみの",,,,,,,
"mutual","相互の",,,,,,,
"calm","穏やかな",,,,,,,
"mystery","神秘",,,,,,,
"philosophy","哲学",,,,,,,
"fake","偽物",,,,,,,
"subtle","微妙な",,,,,,,
"trivial","ささいな",,,,,,,
"forward","前に",,,,,,,
"lesson","授業、教訓",,,,,,,
"complicated","複雑な",,,,,,,
"complex","複雑な",,,,,,,
"sophisticated","洗練された",,,,,,,
"shy","内気な",,,,,,,
"neuron","神経単位",,,,,,,
"sink","沈む",,,,,,,
"prejudice","偏見",,,,,,,
"poor","貧しい",,,,,,,
"pour","注ぐ",,,,,,,
"hunger","飢え",,,,,,,
"prosperity","繁栄",,,,,,,
"master","を習得する",,,,,,,
"polite","礼儀正しい",,,,,,,
"rude","無礼な",,,,,,,
"shore","岸",,,,,,,
"finding","発見",,,,,,,
"access","接近",,,,,,,
"consist","存在する",,,,,,,
"bless","恵まれている",,,,,,,
"annual","年に一度の",,,,,,,
"guide","案内人",,,,,,,
"academy","学会",,,,,,,
"eliminate","取り除く",,,,,,,
"exclude","除外する",,,,,,,
"fade","あせる",,,,,,,
"vanish","消える",,,,,,,
"dare","敢えて…する",,,,,,,
"tempt","誘惑する",,,,,,,
"hint","手がかり",,,,,,,
"audience","聴衆",,,,,,,
"client","依頼客",,,,,,,
"passenger","乗客",,,,,,,
"alike","同様に",,,,,,,
"parallel","平行な",,,,,,,
"resemble","似ている",,,,,,,
"bow","弓",,,,,,,
"capital","資本、大文字",,,,,,,
"conference","会議",,,,,,,
"convention","大会、慣習",,,,,,,
"accomplish","成し遂げる",,,,,,,
"attain","成し遂げる",,,,,,,
"fulfill","果たす",,,,,,,
"total","合計",,,,,,,
"utter","全くの
を述べる",,,,,,,
"conscious","意識的な",,,,,,,
"defend","守る",,,,,,,
"shelter","避難所",,,,,,,
"mild","穏やかな",,,,,,,
"gentle","穏やかな",,,,,,,
"polish","磨く",,,,,,,
"ease","安楽さ、容易さ",,,,,,,
"announce","発表する",,,,,,,
"inherent","固有の",,,,,,,
"piece","１つの〜",,,,,,,
"portion","部分",,,,,,,
"department","部門",,,,,,,
"grass","草",,,,,,,
"endless","無限の",,,,,,,
"eternal","永遠の",,,,,,,
"passive","受動的な",,,,,,,
"scholar","学者",,,,,,,
"diverse","多様な",,,,,,,
"well-being","幸福",,,,,,,
"welfare","幸福、福祉",,,,,,,
"occasion","機会",,,,,,,
"nearby","近くの",,,,,,,
"rest","休み、残り",,,,,,,
"rapid","急速な",,,,,,,
"trait","特色",,,,,,,
"feather","羽",,,,,,,
"ethic","倫理、道徳",,,,,,,
"exploit","を利用する",,,,,,,
"notion","考え",,,,,,,
"superstition","迷信",,,,,,,
"convict","罪人",,,,,,,
"excite","興奮させる",,,,,,,
"growth","成長",,,,,,,
"cheer","励ます",,,,,,,
"bold","大胆な",,,,,,,
"aid","援助",,,,,,,
"workplace","職場",,,,,,,
"accustomed","慣れている",,,,,,,
"hire","雇う",,,,,,,
"dismiss","解雇する",,,,,,,
"sudden","突然",,,,,,,
"anticipate","予想する",,,,,,,
"neither","どちらもない",,,,,,,
"largely","主として",,,,,,,
"efficient","効率的な",,,,,,,
"diminish","減少する",,,,,,,
"traffic","交通",,,,,,,
"accompany","について行く",,,,,,,
"enterprise","企業",,,,,,,
"forgive","許す",,,,,,,
"endure","耐える",,,,,,,
"cattle","牛",,,,,,,
"deer","鹿",,,,,,,
"sheep","羊",,,,,,,
"rat","ネズミ",,,,,,,
"seal","アザラシ",,,,,,,
"whale","クジラ",,,,,,,
"bark","樹皮
ほえる",,,,,,,
"primate","霊長類",,,,,,,
"eagle","ワシ",,,,,,,
"nest","巣",,,,,,,
"turkey","七面鳥",,,,,,,
"wing","つばさ",,,,,,,
"carp","鯉",,,,,,,
"shark","サメ",,,,,,,
"shrimp","エビ",,,,,,,
"coral reef","サンゴ礁",,,,,,,
"ray","光線",,,,,,,
"panel","出席者",,,,,,,
"instruct","指示する",,,,,,,
"boss","上司",,,,,,,
"crew","乗組員",,,,,,,
"fisherman","漁師",,,,,,,
"genius","天才",,,,,,,
"hero","英雄",,,,,,,
"lady","女性",,,,,,,
"mate","つれあい",,,,,,,
"partner","仲間",,,,,,,
"pupil","瞳、生徒",,,,,,,
"tutor","家庭教師",,,,,,,
"twin","ふたご",,,,,,,
"cope","うまく処理する",,,,,,,
"pose","ポーズ
〜をもたらす",,,,,,,
"pause","ちょっと止める",,,,,,,
"severe","深刻な",,,,,,,
"bitter","厳しい",,,,,,,
"strict","厳格な",,,,,,,
"tough","困難な",,,,,,,
"acknowledge","認める",,,,,,,
"derive","得る",,,,,,,
"stem","生じる",,,,,,,
"postpone","延期する",,,,,,,
"resolve","決心する",,,,,,,
"negotiate","交渉する",,,,,,,
"dawn","夜明け",,,,,,,
"adjust","調節する",,,,,,,
"bottom","底",,,,,,,
"tale","物語",,,,,,,
"deserve","値する",,,,,,,
"stereotype","固定観念",,,,,,,
"miserable","惨めな",,,,,,,
"grave","重大な",,,,,,,
"chart","図",,,,,,,
"endangered","絶滅寸前の",,,,,,,
"odd","奇妙な",,,,,,,
"funny","おもしろい",,,,,,,
"premise","前提",,,,,,,
"suppose","と考える",,,,,,,
"undertake","引き受ける",,,,,,,
"friendly","親切な",,,,,,,
"evil","邪悪な",,,,,,,
"ambition","野心、意欲",,,,,,,
"conviction","確信、有罪判決",,,,,,,
"duty","義務",,,,,,,
"assignment","割り当て",,,,,,,
"district","地域",,,,,,,
"province","領土",,,,,,,
"realm","領域",,,,,,,
"territory","領土",,,,,,,
"religion","宗教",,,,,,,
"context","状況",,,,,,,
"dialect","方言",,,,,,,
"casual","偶然の",,,,,,,
"isolate","隔離する",,,,,,,
"giant","巨人",,,,,,,
"massive","大規模な",,,,,,,
"ultimate","究極の",,,,,,,
"initial","初めの",,,,,,,
"extra","余分",,,,,,,
"spare","予備の",,,,,,,
"retire","退職する",,,,,,,
"withdraw","退く",,,,,,,
"secret","秘密",,,,,,,
"dispute","紛争",,,,,,,
"staff","職員",,,,,,,
"standard","標準",,,,,,,
"beat","打つ",,,,,,,
"strike","打つ、思いつく",,,,,,,
"accumulate","蓄積する",,,,,,,
"prospect","見込み",,,,,,,
"Atlantic","大西洋",,,,,,,
"Dutch","オランダ人",,,,,,,
"Greece","ギリシャ",,,,,,,
"Pacific","太平洋",,,,,,,
"fierce","激しい",,,,,,,
"strain","酷使する",,,,,,,
"wound","傷",,,,,,,
"alive","生きて",,,,,,,
"vivid","生き生きした",,,,,,,
"dominate","支配する",,,,,,,
"campus","構内",,,,,,,
"budget","予算",,,,,,,
"debt","借金",,,,,,,
"loan","ローン",,,,,,,
"owe","借金している",,,,,,,
"tax","税",,,,,,,
"bamboo","竹",,,,,,,
"lawn","芝生",,,,,,,
"stock","幹、株式",,,,,,,
"store","店、蓄え",,,,,,,
"trunk","幹、トランク",,,,,,,
"wood","木材",,,,,,,
"accuse","非難する",,,,,,,
"condemn","責める",,,,,,,
"rural","田舎の",,,,,,,
"suburb","郊外",,,,,,,
"circumstance","状況",,,,,,,
"ecology","生態、環境",,,,,,,
"ecosystem","生態系",,,,,,,
"merely","単に",,,,,,,
"solely","ただ",,,,,,,
"expand","拡大する",,,,,,,
"broad","幅広い",,,,,,,
"narrow","狭い",,,,,,,
"alert","機敏な",,,,,,,
"awake","目が覚める",,,,,,,
"sacrifice","犠牲",,,,,,,
"bounce","はね返る",,,,,,,
"leap","跳ぶ",,,,,,,
"stretch","伸ばす",,,,,,,
"obstacle","障害",,,,,,,
"relieve","取り除く、安心させる",,,,,,,
"mount","登る",,,,,,,
"decrease","減少",,,,,,,
"descend","降りる",,,,,,,
"childhood","児童期",,,,,,,
"infant","幼児",,,,,,,
"mature","成熟した",,,,,,,
"decent","まともな",,,,,,,
"aim","狙う",,,,,,,
"destination","目的地",,,,,,,
"sake","目的",,,,,,,
"object","反対する",,,,,,,
"article","記事",,,,,,,
"item","項目",,,,,,,
"ruin","破滅",,,,,,,
"spoil","台無し",,,,,,,
"equal","同じ",,,,,,,
"equivalent","同等の",,,,,,,
"belong","所属している",,,,,,,
"treaty","条約",,,,,,,
"boost","高める",,,,,,,
"foster","促進する",,,,,,,
"retain","保つ",,,,,,,
"sustain","維持する",,,,,,,
"liberty","自由",,,,,,,
"consult","相談する",,,,,,,
"alongside","そばに",,,,,,,
"except","除いて",,,,,,,
"above","上に",,,,,,,
"forth","前へ",,,,,,,
"below","下に",,,,,,,
"onto","の上へ",,,,,,,
"till","…までずっと",,,,,,,
"obvious","明らかな",,,,,,,
"plain","明白な",,,,,,,
"vague","あいまいな",,,,,,,
"rid","捨てる",,,,,,,
"copyright","著作権",,,,,,,
"chief","長",,,,,,,
"primary","主要な",,,,,,,
"principal","主要な",,,,,,,
"principle","原則",,,,,,,
"thrill","わくわくする",,,,,,,
"obey","従う",,,,,,,
"exaggerate","誇張する",,,,,,,
"distress","苦脳",,,,,,,
"core","核心",,,,,,,
"boom","大流行",,,,,,,
"cash","現金",,,,,,,
"cosmetic","化粧品",,,,,,,
"guy","男",,,,,,,
"flow","流れる",,,,,,,
"stream","流れ",,,,,,,
"witness","証人、目撃者",,,,,,,
"recover","回復する",,,,,,,
"reform","改革",,,,,,,
"battle","戦い",,,,,,,
"conflict","対立する",,,,,,,
"quarrel","口論",,,,,,,
"wise","賢い",,,,,,,
"clever","賢い",,,,,,,
"fool","愚か者",,,,,,,
"silly","愚かな",,,,,,,
"stupid","ばかな",,,,,,,
"ridiculous","ばかげた",,,,,,,
"mad","怒っている",,,,,,,
"project","計画する",,,,,,,
"conservation","保護",,,,,,,
"legend","伝説",,,,,,,
"native","生まれつきの",,,,,,,
"local","地方の",,,,,,,
"handicap","不利な条件",,,,,,,
"stable","安定した",,,,,,,
"adopt","採用する",,,,,,,
"scheme","計画
たくらむ",,,,,,,
"forecast","予報",,,,,,,
"pole","棒",,,,,,,
"army","軍隊",,,,,,,
"soldier","軍人",,,,,,,
"pioneer","先駆者",,,,,,,
"president","大統領",,,,,,,
"clerk","店員",,,,,,,
"archaeologist","考古学者",,,,,,,
"youngster","若者",,,,,,,
"fill","満たす",,,,,,,
"regret","後悔",,,,,,,
"disappoint","失望させる",,,,,,,
"appoint","任命する",,,,,,,
"proportion","割合",,,,,,,
"correspond with ","合致する、文通する",,,,,,,
"fairly","かなり",,,,,,,
"tribe","部族",,,,,,,
"folk","民衆",,,,,,,
"folktale","民話",,,,,,,
"random","無作為の",,,,,,,
"tackle","取り組む",,,,,,,
"abstract","抽象的な",,,,,,,
"fancy","空想",,,,,,,
"elsewhere","どこかよそに",,,,,,,
"anyway","とにかく",,,,,,,
"anymore","もはや",,,,,,,
"exotic","異国風の",,,,,,,
"interior","内部",,,,,,,
"exterior","外部",,,,,,,
"external","外部",,,,,,,
"internal","内部",,,,,,,
"interfere","干渉する",,,,,,,
"interrupt","妨げる",,,,,,,
"cross","横切る",,,,,,,
"log","記録する",,,,,,,
"phase","段階",,,,,,,
"phenomenon","現象",,,,,,,
"genuine","本物の",,,,,,,
"fiction","作り話",,,,,,,
"myth","神話",,,,,,,
"pretend","ふりをする",,,,,,,
"bend","曲げる",,,,,,,
"curve","曲線",,,,,,,
"statue","像",,,,,,,
"policy","策",,,,,,,
"administration","管理",,,,,,,
"minister","大臣",,,,,,,
"priest","司祭",,,,,,,
"multiply","掛ける、増殖する",,,,,,,
"commercial","商業の",,,,,,,
"frank","率直な",,,,,,,
"network","情報網",,,,,,,
"sequence","連続",,,,,,,
"refer","参照する",,,,,,,
"handful","一握り",,,,,,,
"peaceful","平和な",,,,,,,
"useless","役に立たない",,,,,,,
"rope","なわ、秘訣",,,,,,,
"wire","針金",,,,,,,
"chain","鎖、連続",,,,,,,
"edge","端",,,,,,,
"automatic","自動の",,,,,,,
"extent","程度",,,,,,,
"scale","規模",,,,,,,
"gather","集まる",,,,,,,
"habitat","生息地",,,,,,,
"shirt","シャツ",,,,,,,
"fashion","流行",,,,,,,
"charge","負わせる",,,,,,,
"impose","課す",,,,,,,
"hang","掛ける",,,,,,,
"lord","君主",,,,,,,
"slave","奴隷",,,,,,,
"mostly","ほとんど",,,,,,,
"height","高さ",,,,,,,
"quarter","4分の1",,,,,,,
"millennium","1000年",,,,,,,
"shine","輝く",,,,,,,
"sweep","掃除",,,,,,,
"weep","泣く",,,,,,,
"dot","点",,,,,,,
"angle","角度",,,,,,,
"square","正方形",,,,,,,
"sail","帆",,,,,,,
"attack","攻撃",,,,,,,
"manner","方法",,,,,,,
"mission","任務",,,,,,,
"capable","できる",,,,,,,
"enable","できるようにする",,,,,,,
"document","文書",,,,,,,
"register","登録する",,,,,,,
"biography","伝記",,,,,,,
"grasp","把握する",,,,,,,
"model","模型",,,,,,,
"architecture","建築様式",,,,,,,
"concrete","コンクリート",,,,,,,
"coal","石炭",,,,,,,
"clay","粘土",,,,,,,
"string","ひも",,,,,,,
"defeat","敗北",,,,,,,
"overcome","克服する",,,,,,,
"conquer","征服する",,,,,,,
"yield","産出する",,,,,,,
"overwhelm","圧倒する",,,,,,,
"crash","衝突する",,,,,,,
"shrink","縮む",,,,,,,
"upper","上の",,,,,,,
"depress","落胆させる",,,,,,,
"packet","パッケージ",,,,,,,
"appeal","訴える",,,,,,,
