"be characteristic of","の特徴である、に特有である",,,,,,,
"be typical of","の特徴である、を象徴している",,,,,,,
"be possessed of","を所有している",,,,,,,
"be possessed by[with]","に取りつかれている",,,,,,,
"be economical of","を無駄にしない",,,,,,,
"be sick of","に飽き飽きしている",,,,,,,
"be true of","に当てはまる",,,,,,,
"be true to","に忠実である",,,,,,,
"be envious of","～をうらやむ、ねたむ",,,,,,,
"be jealous of","～をねたむ（j）",,,,,,,
"be particular about","～について好みがうるさい",,,,,,,
"be intent on","～に没頭している、
熱中している",,,,,,,
"be keen on","～に熱中している（k）",,,,,,,
"be bent on","～を〔しようと〕決心している、～に熱中している（b）",,,,,,,
"be based on","～に基づいている",,,,,,,
"be hard on","～に辛く当たる",,,,,,,
"be angry with","（人）に腹を立てる",,,,,,,
"be familiar with","～に精通している",,,,,,,
"be familiar to","～によく知られている",,,,,,,
"be at home with","～に精通している
〔in+分野〕",,,,,,,
"be acquainted with","～と知り合いである、
～に精通している",,,,,,,
"be popular with","～に人気がある",,,,,,,
"be wrong with","～の調子が悪い、
～が故障している",,,,,,,
"be concerned with","～に関係がある、
関心がある",,,,,,,
"be concerned about","～について心配する",,,,,,,
"be tired from","～で疲れている",,,,,,,
"be tired of","～に飽きる",,,,,,,
"be fit for","～に適している、ふさわしい",,,,,,,
"be suitable for","～に適している、ふさわしい（s）",,,,,,,
"be sufficient for","～に十分である",,,,,,,
"be grateful for","～に感謝する",,,,,,,
"be responsible for","～に責任がある",,,,,,,
"be hard up (for)","（～がなくて）困っている",,,,,,,
"be rich in,
be abundant in","～が豊富である",,,,,,,
"be absorbed in","～に夢中である、
～に没頭する",,,,,,,
"be lacking in,
be wanting in","～に欠けている",,,,,,,
"be short of","～が不足している",,,,,,,
"be independent of","～から独立している",,,,,,,
"be dependent on","～に頼る、～次第である",,,,,,,
"be different from","～と違う",,,,,,,
"be free from","～を免れている、～に悩まされない",,,,,,,
"be free of","（税金等）の支払いを免除されている、～が除かれている",,,,,,,
"be free to do","自由に～できる",,,,,,,
"be indifferent to","～に無関心である",,,,,,,
"be equal to","～に等しい、～と互角である、
～をする力量がある",,,,,,,
"be equivalent to","～に相当する、等しい",,,,,,,
"be inferior to","～より劣っている",,,,,,,
"be second to none","誰にも劣らない",,,,,,,
"be similar to","～に似ている",,,,,,,
"be akin to","～に似ている（a）",,,,,,,
"be related to","～と関係がある",,,,,,,
"be contrary to","～に反している",,,,,,,
"be subject to","～の支配を受ける、～に服従する、～に影響されやすい、～しがちだ",,,,,,,
"be open to","～を受けやすい",,,,,,,
"be susceptible to","～に感染しやすい、
～の影響を受けやすい",,,,,,,
"be sensitive to","～に敏感である",,,,,,,
"be welcome to","～を自由に使ってよい",,,,,,,
"be essential to
be indispensable to","～に不可欠である",,,,,,,
"be peculiar to","～に固有〔特有〕である",,,,,,,
"be common to","～に共通している",,,,,,,
