"by dint of","〜によって",,,,,,,
"for the good of","〜の（利益の）ために",,,,,,,
"in the presence of","〜の前で",,,,,,,
"in the name of","〜の名において、
後生だから",,,,,,,
"in harmony with","〜と仲良く、〜と一致して",,,,,,,
"as opposed to","〜と対照的に",,,,,,,
"within the reach of","〜の届く範囲に",,,,,,,
"in store for","〜に備えて、〜を待ち構えて",,,,,,,
"in all likelihood","おそらく、十中八九",,,,,,,
"ahead of (the ) time","時勢に先んじた、
前もって",,,,,,,
"at one's convenience","〜の都合の良い時に",,,,,,,
"up to date","最新の",,,,,,,
"by now","今頃はもう、そろそろ",,,,,,,
"by halves","中途半端に、不完全に",,,,,,,
"as likely as not","おそらく",,,,,,,
"by and large","概して",,,,,,,
"in the main","概して、大体において",,,,,,,
"in all","全部で、合計で",,,,,,,
"in earnest","本気で、真剣に",,,,,,,
"in its own way","それなりに",,,,,,,
"in progress","進行中で",,,,,,,
"in effect","事実上、実際には",,,,,,,
"out of sight","見えない所に",,,,,,,
"in fashion","流行している",,,,,,,
"at full length","手足を長々と伸ばして",,,,,,,
"at large","一般に、詳細に、
逃走中で",,,,,,,
"at a glance","一目で、一見して",,,,,,,
"at heart","心の底は、実際は",,,,,,,
"at one's wit's end","途方にくれて",,,,,,,
"out of (one's) control","抑えきれなくなって",,,,,,,
"for one's life","命がけで",,,,,,,
"of one's own accord","自発的に",,,,,,,
"to one's advantage","〜の利益になる",,,,,,,
"against one's will","意志に反して",,,,,,,
"without reserve","腹蔵なく、遠慮なく",,,,,,,
"kind of,
sort of","ちょっと、ある程度",,,,,,,
"no doubt","たぶん、おそらく",,,,,,,
"every inch","どの点からも、すっかり",,,,,,,
"and yet","しかし、だが",,,,,,,
"as it happens","たまたま、あいにく、折良く",,,,,,,
"It's none of one's business.","それは〜の知ったことではない。",,,,,,,
"a man of few words","口数の少ない人",,,,,,,
"a man of his word","約束を守る人",,,,,,,
"a man of sense","良識のある人",,,,,,,
"as good as one's word/promise","約束を守って",,,,,,,
"to the effect that","〜という趣旨の",,,,,,,
"in succession","連続して次々に",,,,,,,
