"手","字、演奏法",,,,,,,
"文
書","手紙、漢詩",,,,,,,
"消息(しょうそこ)","手紙、訪問の申し入れ",,,,,,,
"遊び","管弦の遊び",,,,,,,
"うへ(上)","帝、(貴人の)奥様",,,,,,,
"おほやけ(公)","朝廷、帝",,,,,,,
"うち(内・内裏)","宮中、帝",,,,,,,
"御前","(神仏や貴人の)お側",,,,,,,
"みゆき(御幸・行幸)","(帝・上皇の)お出まし",,,,,,,
"たより(便り・頼り)","よりどころ、つて、良い機会",,,,,,,
"物語","世間話",,,,,,,
"ためし(例)","先例",,,,,,,
"急ぎ","準備",,,,,,,
"用意","気配り",,,,,,,
"かたち(形・容貌)","容貌",,,,,,,
"影　陰","光・姿　陰",,,,,,,
"ことわり(理)","道理",,,,,,,
"僻事","間違い",,,,,,,
"そらごと(空言・虚言)","嘘",,,,,,,
"しるし(験・徴)","効き目、ご利益、きざし",,,,,,,
"料","ため",,,,,,,
"禄","ほうび",,,,,,,
"としごろ(年頃・年比・年来)","長年",,,,,,,
"つとめて","早朝、翌朝",,,,,,,
"世
世の中","男女の仲・夫婦の仲",,,,,,,
"けしき〔気色〕","様子、機嫌、意向",,,,,,,
"こころざし","愛情、お礼の贈り物",,,,,,,
"本意","かねてからの願い",,,,,,,
"こと〔言〕","言葉、和歌",,,,,,,
"わざ〔業〕","こと(事)、葬儀",,,,,,,
"よろづ〔万〕","さまざま、〈副詞としてつかわれ〉何事につけても",,,,,,,
