"常には〜（せ）ず


つねには〜（せ）ず","いつも〜するとは限らない",,,,,,,
"（未だ）必ずしも〜（せ）ず


（いまだ）かならずしも〜（せ）ず","（まだ）必ずしも〜とは限らない",,,,,,,
"復た〜（せ）ず


また〜（せ）ず","1 否定の強調
決して〜しない

2部分否定
二度とは〜しない",,,,,,,
"倶には〜（せ）ず


ともには〜（せ）ず","二つともは〜することはできない",,,,,,,
"必ず〜（せ）ず

かならず〜（せ）ず","必ず〜しない
絶対に〜しない",,,,,,,
"常に〜（せ）ず


つねに〜（せ）ず","いつも〜しない",,,,,,,
