"未 A
いまだAせず","まだAしない",,,,,,,
"将(且) A
まさにAせんとす
","いまにもAしようとする
いまにもAしそうだ",,,,,,,
"当 A
応 A
まさにAすべし","当然Aすべきだ
Aしなければならない
きっとAするだろう",,,,,,,
"宜 A
よろしくAすべし","Aするのがよろしい",,,,,,,
"須 A
すべからくAすべし","Aする必要がある
Aしなければならない",,,,,,,
"猶(由) A
なほAの(Aするが)ごとし","あたかもAのようだ
ちょうどAと同じだ",,,,,,,
"盍 A
なんぞA(せ)ざる","どうしてAしないのか
Aしたらどうか",,,,,,,
"未 嘗 不 A
未だ嘗てA(せ)ずんばあらず","まだ今まで一度もAしなかったことはない",,,,,,,
"不 敢 不 A
敢へてA(せ)ずんばあらず","Aしないわけにはいかない",,,,,,,
"不 可 不 A
A(せ)ざるべからず","Aしなければならない",,,,,,,
"不 能 不 A
A(せ)ざるあたはず","Aしないではいられない
Aしないわけにはいかない",,,,,,,
"不 得 不 A
A(せ)ざるをえず","Aしないではいられない
Aしないわけにはいかない",,,,,,,
"不 常 A
つねにはA(せ)ず","いつもAするとは限らない",,,,,,,
"常 不 A
つねにA(せ)ず","いつもAしない",,,,,,,
"不 復 A
またAせず","二度と再びAしない",,,,,,,
"復 不 A
またAせず","今度もまたAしない",,,,,,,
"不 倶 A
ともにはA(せ)ず","両方ともAするということはない",,,,,,,
"倶 不 A
ともにA(せ)ず","どちらもAしない",,,,,,,
"不 尽 A
ことごとくはAせず","全部をAすることはしない",,,,,,,
"A 也
Aか A(する)か A(す)や","Aか
Aするか",,,,,,,
"A 也
A(せ)んや","Aするだろうか、いやAしない",,,,,,,
"何 A 
なんぞAする","どうしてAするのか",,,,,,,
"何 A 
なんぞAせん","どうしてAするだろうか、いやAしない",,,,,,,
"安 A 
いづくんぞAせんや
","どうしてAするだろうか、いやAしない",,,,,,,
"誰 A
たれかA(せ)ん","だれがAするだろうか、いやだれもAしない",,,,,,,
"何 由 A

どうしてAするのか","なにによりてかAする(や)",,,,,,,
"何 A B
いづれのAかB(せ)ん","どこの(いつの)AがBするだろうか

",,,,,,,
"如何 
如 A 何
いかんせん
Aをいかんせん","どうしたらよいか
どうしたらよかろうか、いやどうしようもない",,,,,,,
"如何…
いかんぞ…","               どうして…か",,,,,,,
"A 何 也
Aはなんぞや
","A(なの)はどうしてか",,,,,,,
"何如・何若
いかん","どうか、どうであるか",,,,,,,
"孰 A
いづれかA(する)","どちらがA(する)か",,,,,,,
"A 否
Aやいなや","Aかどうか
Aだろうか",,,,,,,
"A 未
Aやいまだしや","Aだろうか、まだだろうか",,,,,,,
"豈 A 哉
あにA(せ)んや","どうしてAするだろうか、いやAしない",,,,,,,
"豈 不 A 哉
豈 非 A 哉
あにA(せ)ずや
あにAにあらずや","なんとAではないか",,,,,,,
"独 A 哉
ひとりA(せ)んや","どうしてAするだろうか、いやAしない",,,,,,,
"敢 A (也)
あへてA(せ)んや","どうしてAするだろうか、いやAしない",,,,,,,
"不 敢 A
あえてAせず","けっしてAしない",,,,,,,
"A 挙 B C
A Bを挙げてCせしむ","AはBを挙げ用いてCさせる",,,,,,,
"A 属 B C
A Bに属してCせしむ","AはBに頼んでCさせる",,,,,,,
"見 A
Aる、A(せ)らる","Aれる、Aられる、Aされる",,,,,,,
"A 為 B 所 C
A BのC(する)ところとなる","AはBにCされる",,,,,,,
"A C 於[乎] B
","AはBにCされる
AはBよりもCである",,,,,,,
"A C 於[乎] B
AはBよりもC(なり)","AはBよりもCである",,,,,,,
"A 無 如 B
AはBにしくはなし","Aに関してはBにまさるものはない",,,,,,,
"A 莫 C 於 B
AはBよりC(なる)はなし","Aに関してはBよりCなものはない",,,,,,,
"与 A 寧 B
AよりはむしろBせよ
AよりはむしろBせん","AよりはBせよ、しよう",,,,,,,
"与 A 不 如 B
AよりはBにしかず","AよりはBのほうがよい",,,,,,,
"寧 A 無 B
むしろAすともBなかれ","むしろAしても、Bはするな",,,,,,,
"寧 A 不 B
むしろAすともBせず","むしろAしても、Bはしない",,,,,,,
"A 孰 与 B
AはBにいづれぞ","AよりBのほうがよいのではないか",,,,,,,
"如 A
もしA(せ・なら)ば","もしAならば",,,,,,,
"苟 A
いやしくもA(せ・なら)ば","かりにもAならば",,,,,,,
"縦 A
たとひAとも","たとえAとしても",,,,,,,
"雖 A
Aといへども","Aとはいっても
たとえAであっても",,,,,,,
"微 A
Aなかりせば","Aがなかったら",,,,,,,
"A 耳[巳・爾]","Aするだけだ",,,,,,,
"独 A
","ただAするだけだ",,,,,,,
"僅[纔] A","わずかにA(する)だけだ
やっとA(する)だけだ
",,,,,,,
"A 且 B、況 C 也
AでさえBなのだから、ましてCであればなおさらBだ","AすらかつB、いはんやCをや",,,,,,,
"而 況 C
ましてやCならなおさらだ","しかるをいはんやCにおいてをや",,,,,,,
"A 以 且 〜
Aでさえなお〜だ","Aを以てすら且つ〜",,,,,,,
"不 唯 A B
ただAなだけでなく、B","ただにAのみならず、B",,,,,,,
"不 独 A B","ひとりAのみならず、B
ただAだけでなく、そのうえBだ",,,,,,,
"豈 唯 A B","あにただにAのみならんや、B
どうしてただAなだけであろうか、いやそれだけでなくさらにBだ",,,,,,,
"何 独 A B","なんぞひとりAのみならんや、B
どうしてただAなだけであろうか、いやそれだけでなくさらにBだ",,,,,,,
"請 A
こふAせよ","どうかAしてください",,,,,,,
"請 A
こふAせん","どうかAさせてください
なんとかしてAしたい",,,,,,,
"幸 A
","ねがはくはAせよ・Aせん",,,,,,,
"庶 A","こひねがはくはAせよ・Aせん",,,,,,,
"幾 A","こひねがはくはAせよ・Aせん",,,,,,,
"如 A
Aのごとし","Aのようだ
Aと同じだ
",,,,,,,
"譬 如 A","たとえばAのごとし",,,,,,,
"猶 如 A
なほAがごとし","ちょうどAのようなものだ
あたかもAのようなものだ",,,,,,,
"似 A","Aと似ている
Aと同じだ",,,,,,,
"A 乎
(夫・哉・与・也)","Aかな
Aだなあ・Aことよ",,,,,,,
"何 A 也
なんぞAや","なんとAなことよ",,,,,,,
"於 是
ここにおいて","そこで",,,,,,,
"是 以
","ここをもって
だから・それゆえ
",,,,,,,
"然 則
","しからばすなわち
そうだとすると",,,,,,,
"何 則","なんとなればすなわち
なぜならば",,,,,,,
"然 後
","しかるのちに
そうしてのちに、…してはじめて",,,,,,,
"不 者
","しからずんば
そうでなければ",,,,,,,
"否 則","しからずんばすなわち
そうでなければ
",,,,,,,
"雖 然","しかりといへども
そうだとしても",,,,,,,
