"share ~ with •••","•••と～を分かちあう",,,,,,,
"help ~ with •••","～の•••を手伝う",,,,,,,
"confuse ~ with •••","〜と•••を混同する、
取り違える",,,,,,,
"associate ~ with •••","～を•••と結び付けて考える、
〜から•••を連想する",,,,,,,
"identify ~ with •••","〜を•••と見なす、同一視する",,,,,,,
"blame ~ for •••,
blame ••• on ~","〜を•••で責める、
•••を～のせいにする",,,,,,,
"praise [admire] ~ for •••","～の•••を賞賛する、ほめる",,,,,,,
"scold ~ for •••","〜を•••で叱る",,,,,,,
"punish ~ for •••","〜を•••で罰する",,,,,,,
"excuse ~ for •••","〜の•••を許す(e)",,,,,,,
"forgive ~ for •••","〜の•••を許す(f)",,,,,,,
"exchange ~ for •••","〜を•••と交換する",,,,,,,
"take ~ for •••","〜を•••だと思う、
～を•••と間違える",,,,,,,
"mistake ~ for •••","〜を•••と間違える",,,,,,,
"prevent ~ from •••ing","〜が•••するのを妨げる(p)",,,,,,,
"keep ~ from •••ing","～が•••するのを妨げる(k)",,,,,,,
"stop ~ from •••ing","〜が•••するのを妨げる(s)",,,,,,,
"hinder ~ from •••ing","～が•••するのを妨げる(h)",,,,,,,
"discourage ~ from •••ing","〜が•••するのを思い止まらせる
(disc)",,,,,,,
"dissuade ~ from •••ing","〜が•••するのを思い止まらせる
(diss)",,,,,,,
"prohibit ~ from •••ing","～が•••するのを禁止する",,,,,,,
"tell ~ from •••","〜と•••を見分ける、識別する(t)",,,,,,,
"know ~ from •••","〜と•••を見分ける、識別する(k)",,,,,,,
"distinguish ~ from •••","〜と•••を見分ける、識別する(d)",,,,,,,
"derive ~ from  •••"," •••から〜を引き出す",,,,,,,
"be derived from ~","〜に由来する",,,,,,,
"order ~ from  •••","〜を•••に注文する",,,,,,,
"regard ~ as  •••","〜を•••とみなす(r)
（= look on = think of ) 
~ as  •••",,,,,,,
"look on [upon] ~ as  •••","〜を•••とみなす( l )
(= regard = think of ) 
~ as  •••",,,,,,,
"think of ~ as  •••","〜を•••と思う (t)
(= regard = look on ) 
~ as  •••",,,,,,,
"refer to ~ as  •••","〜を•••と言う",,,,,,,
"lose oneself in ~","〜に夢中になる",,,,,,,
"look ~ in the face [eye]","〜をまともに見る、直視する",,,,,,,
"keep [bear] ~ in mind","〜を心に留めておく",,,,,,,
"hold one's tongue","黙る",,,,,,,
"hold one's breath","息を殺す、固唾を飲む",,,,,,,
"lose heart","落胆する",,,,,,,
"take heart","元気を出す",,,,,,,
"catch one's breath","(驚いて) 息を呑む、一息つく",,,,,,,
"do [try] one's best","全力を尽くす、
最善を尽くす",,,,,,,
"have no idea","全く分からない",,,,,,,
"keep early [good] hours","早寝早起きをする",,,,,,,
"keep one's word [promise]","約束を守る",,,,,,,
"break one's word [promise]","約束を破る",,,,,,,
"keep one's temper","平静を保つ、我慢する",,,,,,,
"lose one's temper","腹を立てる",,,,,,,
"follow one's nose","まっすぐ進む、
直感に頼る",,,,,,,
"make one's way","(苦労して) 進む",,,,,,,
"lose one's way","道に迷う",,,,,,,
"have [get] one's (own) way","自分の思い通りにする",,,,,,,
"make sense","道理にかなう、意味をなす",,,,,,,
"make progress","進歩する",,,,,,,
"make no difference","違いがない=重要でない",,,,,,,
"make a difference","違いがある=重要だ",,,,,,,
"make an effort [efforts] to do","～する努力をする",,,,,,,
"make believe","～の振りをする、
～を見せかける",,,,,,,
"make it","成功する、うまくやる、
間に合う",,,,,,,
"make good (~)","成功する、～を補償する、
～を実行する",,,,,,,
"make [pull] a face [faces]","しかめっ面をする",,,,,,,
"do ~ good, 
do good to ~","〜のためになる",,,,,,,
"do ~ harm [damage], 
do harm [damage] to ~","〜に害を与える",,,,,,,
"do ~ a favor, 
do a favor for ~","人の頼みを聞いてやる",,,,,,,
"do ~ justice, 
do justice to ~","～を公正に扱う、
正当に評価する",,,,,,,
